Workbook

Sheet 00-راهنما
A1: راهنمای ابزار عملیاتی بازنگری مدیریت IMS
A2: هلدینگ نیکان | نسخه 02 | داده واقعی نورایستا پلاستیک و سناریوهای فرضی جداگانه | ابتدا تنظیمات و دامنه را تکمیل کنید.
A7: مرحله | B7: روش استفاده | C7: محل
A8: ۱. شروع | B8: در تنظیمات شرکت، دوره، جلسه، تاریخ مبنا و نوع گزارش را انتخاب کنید. داده‌های NIPCO واقعی اما نیازمند تأییدند؛ همه داده‌های DEMO فرضی و آموزشی‌اند. | C8: 01، 17، 18
A9: ۲. دامنه | B9: نسخه جاری گواهینامه، دامنه و برنامه انتقال هر شرکت را ثبت کنید. انتشار نسخه ۲۰۲۶ جایگزینی خودکار نسخه جاری شرکت یا IATF نیست. | C9: 18 و 14
A10: ۳. ورودی | B10: ورودی، سند و تحلیل مالک را یک‌بار در 03 ثبت کنید. شاخص با هدف، جهت مطلوب، مرجع هدف و اعتبار داده در 04 ثبت شود. مقدار خالی به معنای صفر نیست. | C10: 03 و 04
A11: ۴. بررسی | B11: پیشنهادهای کارشناسی را در 05 بررسی کنید. نتیجه مدیریت برای تناسب، کفایت و اثربخشی هر سیستم در 06 با شاهد و تأیید ثبت شود. | C11: 05 و 06
A12: ۵. تصمیم | B12: هر تصمیم یک شناسه پایدار دارد. رد، تعویق، درخواست بررسی و عدم نیاز به تغییر مجاز است؛ دلیل و مرجع تأیید الزامی است. شماره ردیف شناسه محسوب نمی‌شود. | C12: 07
A13: ۶. روابط | B13: برای هر ورودی یا الزام مرتبط یک ردیف در 15 ایجاد کنید. برای هر تصمیم چند اقدام در 08 قابل ثبت است. هر اقدام فقط یک تصمیم مادر دارد. | C13: 15 و 08
A14: ۷. منابع و ابلاغ | B14: برای منابع، مقدار، هزینه در صورت وجود، تصمیم و مسئول را ثبت کنید. در رد/تعویق، ریسک باقی‌مانده ثبت شود. ابلاغ OH&S در 20 ثبت گردد. | C14: 09 و 20
A15: ۸. اثربخشی | B15: پس از اجرا، شاهد و نتیجه واقعی را ثبت کنید. ارزیابی اثربخش بدون معیار، تاریخ و ارزیاب معتبر نمی‌شود. وضعیت نهایی تصمیم به تکمیل همه اقدامات وابسته است. | C15: 08، 10، 07
A16: ۹. گزارش | B16: صورت‌جلسه از بانک تصمیمات تولید می‌شود؛ هر صفحه ۲۰ ردیف دارد. تنظیمات صفحه را افزایش دهید. پیش از جلسه و گزارش پس از جلسه عنوان متفاوت دارند. | C16: 11 و 01!B8
A17: ۱۰. پوشش | B17: برای هر الزام، شناسه سابقه بررسی همان جلسه را در کنترل انطباق ثبت کنید. خالی‌بودن سابقه، شاهد ناقص و نسخه تأییدنشده آشکار می‌ماند. | C17: 13
A18: ۱۱. توسعه | B18: جداول ساختاریافته با ردیف‌های آماده ارائه شده‌اند. ردیف آماده را پر کنید؛ پس از اتمام، ردیف جدول را همراه فرمول و اعتبارسنجی کپی کنید. محدوده کنترل‌ها تا ردیف 1007 است؛ پیش از عبور آن را توسعه دهید. | C18: همه بانک‌ها
... A43: فهرست | B43: 20-ابلاغ نتایج | C43: کلیک برای رفتن به کاربرگ

Sheet 01-تنظیمات
A1: تنظیمات انتخاب گزارش
A3: شرکت گزارش | B3: NIPCO | C3: برای هلدینگ «همه واقعی»؛ نمونه‌ها از آن حذف می‌شوند
A4: دوره گزارش | B4: P-BASE | C4: برای چند دوره «همه»؛ گزارش پس از جلسه از شناسه جلسه استفاده می‌کند
A5: شناسه جلسه | B5: MR-NIPCO-BASE | C5: فقط جلسه انتخاب‌شده در صورت‌جلسه نمایش می‌یابد
A6: تاریخ مبنای کنترل | B6: 46314 | C6: تاریخ واقعی Excel؛ امروز به‌صورت ثابت برای گزارش قابل تکرار
A7: نوع گزارش | B7: پیش از جلسه | C7: «پس از جلسه» بدون تأیید جلسه، خروجی مصوب ایجاد نمی‌کند
A8: بخش صورت‌جلسه | B8: 1 | C8: هر بخش ۲۰ تصمیم؛ برای ادامه، شماره بخش را افزایش دهید. هر بخش ممکن است چند صفحه چاپی شود.
A10: کد شرکت | B10: نام شرکت | C10: نوع داده | D10: وضعیت
A11: NIPCO | B11: نورایستا پلاستیک | C11: واقعی | D11: شناخته‌شده از اسناد
A12: DEMO | B12: شرکت فرضی آموزشی | C12: فرضی | D12: از گزارش هلدینگ واقعی حذف می‌شود
A13: همه واقعی | B13: تجمیع هلدینگ نیکان | C13: واقعی | D13: فقط رکوردهای غیر DE​MO
A14: راهنما | B14: شرکت‌های دیگر را با کد پایدار به فهرست و دامنه اضافه کنید. | C14: مرجع | D14: نام زیرمجموعه نامعلوم ساخته نشده است
A17: فرآیند | B17: گروه | C17: سیستم | D17: کاربرد
A18: مدیریت / تضمین کیفیت | B18: مدیریتی | C18: IMS | D18: مشترک
A19: تولید / مهندسی / لجستیک | B19: اصلی | C19: QMS / IATF | D19: حسب دامنه شرکت
A20: خرید / انبار | B20: اصلی / پشتیبانی | C20: IMS | D20: حسب فرآیند
A21: منابع انسانی / مالی / IT | B21: پشتیبانی | C21: IMS | D21: حسب فرآیند
A22: محیط‌زیست / ایمنی / بهداشت | B22: پشتیبانی | C22: EMS / OHS | D22: حسب دامنه
A23: دوره جدید | B23: یک جلسه و شناسه دوره جدید ایجاد کنید؛ ردیف‌های تاریخی را حفظ کنید. | C23: راهنما | D23: کپی ردیف ورودی به دوره جدید با شناسه جدید و حذف تأیید قبلی
... A32: تطبیق 9001 / IATF | B32: معادل‌سازی خودکار انجام نشده | C32: انتقال باید با مرجع گواهی‌دهنده و ابلاغ رسمی کنترل شود | D32: 18-دامنه استانداردها

Sheet 02-ماتریس الزامات
A1: ماتریس الزامات بازنگری مدیریت
A2: این ماتریس دامنه بند ۹.۳ و الزامات تکمیلی آن را پوشش می‌دهد، نه تمام استانداردها. متن کامل مجاز نسخه‌های ۲۰۲۶ در دسترس نبود؛ تطبیق شماره اجزا و شرایط انتقال شرکت باز است.
A7: شناسه الزام | B7: سیستم | C7: ویرایش مبنا | D7: بند | E7: نوع | F7: خلاصه موضوع الزام | G7: محل ثبت | H7: شواهد موردنیاز | I7: روش کنترل | J7: محدودیت / وضعیت نسخه
A8: Q-I1 | B8: QMS | C8: 2015 / 2026؛ تطبیق تفصیلی باز | D8: 9.3.2 | E8: ورودی | F8: اقدامات قبلی | G8: R03 | H8: داده معتبر دوره و تحلیل مالک؛ اصل گزارش در سیستم تضمین | I8: کنترل جلسه، دامنه، شاهد، نتیجه و مرجع تأیید در 13؛ ردیف خالی تأیید نیست | J8: مبنای موضوعی؛ نسخه جاری شرکت و متن مجاز باید تأیید شود
A9: Q-I2 | B9: QMS | C9: 2015 / 2026؛ تطبیق تفصیلی باز | D9: 9.3.2 | E9: ورودی | F9: تغییرات داخلی و خارجی | G9: R04 | H9: داده معتبر دوره و تحلیل مالک؛ اصل گزارش در سیستم تضمین | I9: کنترل جلسه، دامنه، شاهد، نتیجه و مرجع تأیید در 13؛ ردیف خالی تأیید نیست | J9: مبنای موضوعی؛ نسخه جاری شرکت و متن مجاز باید تأیید شود
A10: Q-I3 | B10: QMS | C10: 2015 / 2026؛ تطبیق تفصیلی باز | D10: 9.3.2 | E10: ورودی | F10: نیازها و انتظارات ذی‌نفعان | G10: R06 | H10: داده معتبر دوره و تحلیل مالک؛ اصل گزارش در سیستم تضمین | I10: کنترل جلسه، دامنه، شاهد، نتیجه و مرجع تأیید در 13؛ ردیف خالی تأیید نیست | J10: مبنای موضوعی؛ نسخه جاری شرکت و متن مجاز باید تأیید شود
A11: Q-I4 | B11: QMS | C11: 2015 / 2026؛ تطبیق تفصیلی باز | D11: 9.3.2 | E11: ورودی | F11: اهداف و خط‌مشی | G11: R07 | H11: داده معتبر دوره و تحلیل مالک؛ اصل گزارش در سیستم تضمین | I11: کنترل جلسه، دامنه، شاهد، نتیجه و مرجع تأیید در 13؛ ردیف خالی تأیید نیست | J11: مبنای موضوعی؛ نسخه جاری شرکت و متن مجاز باید تأیید شود
A12: Q-I5 | B12: QMS | C12: 2015 / 2026؛ تطبیق تفصیلی باز | D12: 9.3.2 | E12: ورودی | F12: عملکرد فرآیند و محصول | G12: R07 | H12: داده معتبر دوره و تحلیل مالک؛ اصل گزارش در سیستم تضمین | I12: کنترل جلسه، دامنه، شاهد، نتیجه و مرجع تأیید در 13؛ ردیف خالی تأیید نیست | J12: مبنای موضوعی؛ نسخه جاری شرکت و متن مجاز باید تأیید شود
A13: Q-I6 | B13: QMS | C13: 2015 / 2026؛ تطبیق تفصیلی باز | D13: 9.3.2 | E13: ورودی | F13: رضایت و شکایت مشتری | G13: R11 | H13: داده معتبر دوره و تحلیل مالک؛ اصل گزارش در سیستم تضمین | I13: کنترل جلسه، دامنه، شاهد، نتیجه و مرجع تأیید در 13؛ ردیف خالی تأیید نیست | J13: مبنای موضوعی؛ نسخه جاری شرکت و متن مجاز باید تأیید شود
A14: Q-I7 | B14: QMS | C14: 2015 / 2026؛ تطبیق تفصیلی باز | D14: 9.3.2 | E14: ورودی | F14: تأمین‌کنندگان | G14: R23 | H14: داده معتبر دوره و تحلیل مالک؛ اصل گزارش در سیستم تضمین | I14: کنترل جلسه، دامنه، شاهد، نتیجه و مرجع تأیید در 13؛ ردیف خالی تأیید نیست | J14: مبنای موضوعی؛ نسخه جاری شرکت و متن مجاز باید تأیید شود
A15: Q-I8 | B15: QMS | C15: 2015 / 2026؛ تطبیق تفصیلی باز | D15: 9.3.2 | E15: ورودی | F15: ممیزی‌ها | G15: R08 | H15: داده معتبر دوره و تحلیل مالک؛ اصل گزارش در سیستم تضمین | I15: کنترل جلسه، دامنه، شاهد، نتیجه و مرجع تأیید در 13؛ ردیف خالی تأیید نیست | J15: مبنای موضوعی؛ نسخه جاری شرکت و متن مجاز باید تأیید شود
A16: Q-I9 | B16: QMS | C16: 2015 / 2026؛ تطبیق تفصیلی باز | D16: 9.3.2 | E16: ورودی | F16: عدم‌انطباق و اقدام اصلاحی | G16: R10 | H16: داده معتبر دوره و تحلیل مالک؛ اصل گزارش در سیستم تضمین | I16: کنترل جلسه، دامنه، شاهد، نتیجه و مرجع تأیید در 13؛ ردیف خالی تأیید نیست | J16: مبنای موضوعی؛ نسخه جاری شرکت و متن مجاز باید تأیید شود
A17: Q-I10 | B17: QMS | C17: 2015 / 2026؛ تطبیق تفصیلی باز | D17: 9.3.2 | E17: ورودی | F17: پایش و اندازه‌گیری | G17: R12 | H17: داده معتبر دوره و تحلیل مالک؛ اصل گزارش در سیستم تضمین | I17: کنترل جلسه، دامنه، شاهد، نتیجه و مرجع تأیید در 13؛ ردیف خالی تأیید نیست | J17: مبنای موضوعی؛ نسخه جاری شرکت و متن مجاز باید تأیید شود
A18: Q-I11 | B18: QMS | C18: 2015 / 2026؛ تطبیق تفصیلی باز | D18: 9.3.2 | E18: ورودی | F18: کفایت منابع | G18: R17 | H18: داده معتبر دوره و تحلیل مالک؛ اصل گزارش در سیستم تضمین | I18: کنترل جلسه، دامنه، شاهد، نتیجه و مرجع تأیید در 13؛ ردیف خالی تأیید نیست | J18: مبنای موضوعی؛ نسخه جاری شرکت و متن مجاز باید تأیید شود
... A81: OHS-O9 | B81: OHS | C81: 45001:2018 + Amd1:2024 | D81: 9.3 | E81: خروجی | F81: نگهداری شواهد نتایج | G81: 06 و 07 و 09 و 11 | H81: نظر مدیریت، توجیه، شاهد و تأیید؛ حسب نیاز اقدام/ابلاغ | I81: کنترل جلسه، دامنه، شاهد، نتیجه و مرجع تأیید در 13؛ ردیف خالی تأیید نیست | J81: مبنای موضوعی؛ نسخه جاری شرکت و متن مجاز باید تأیید شود

Sheet 03-ورودی‌های بازنگری
A1: ورودی‌های مستند و تحلیل
A2: اطلاعات واقعی از دو گزارش مبنا نقل شده‌اند و هنوز با فایل پایش تطبیق نشده‌اند. وضعیت بررسی مدیریت برای داده واقعی خالی/بررسی‌نشده است.
A7: شناسه ورودی | B7: شرکت | C7: دوره | D7: جلسه | E7: نوع داده | F7: فرآیند | G7: سیستم | H7: موضوع | I7: مرجع اصلی | J7: تحلیل کارشناسی | K7: پیشنهاد پیش از جلسه | L7: شناسه شاهد | M7: وضعیت بررسی | N7: ریسک | O7: نتیجه بررسی مدیریت | P7: بررسی‌کننده | Q7: مرجع تأیید | R7: کنترل ورودی
A8: IN-R01 | B8: NIPCO | C8: P-BASE | D8: MR-NIPCO-BASE | E8: واقعی؛ نیازمند تأیید | F8: دامنه و زمان‌بندی | G8: IMS | H8: دامنه و زمان‌بندی | I8: توضیح کاربر؛ هر دو فایل، 1!O1 | J8: بازنگری مدیریت به‌صورت سالانه، از مرداد تا مرداد و پس از برگزاری مجمع عمومی انجام می‌شود. دامنه شامل کیفیت، الزامات صنعت خودرو، محیط‌زیست، ایمنی و بهداشت شغلی و فرآیندهای لجستیکی مرتبط است. | K8: مرز روزانه دوره، سال ابتدا و انتها و ویرایش استانداردها باید در مشخصات گزارش تکمیل شود. | L8: DOC-SOURCE | M8: بررسی نشده | N8: نیازمند تعیین | R8: =IF(A8="","",IF(NOT(AND(COUNTIFS('03-ورودی‌های بازنگری'!$A$8:$A$1007,A8)=1,AND(COUNTIFS('17-جلسات و دوره‌ها'!$A$8:$A$1007,D8)=1,IFERROR(INDEX('17-جلسات و دوره‌ها'!$B$8:$B$1007,MATCH(D8,'17-جلسات و دوره‌ها'!$A$8:$A$1007,0)),"")=B8,IFERROR(INDEX('17-جلسات و دوره‌ها'!$C$8:$C$1007,MATCH(D8,'17-جلسات و دوره‌ها'!$A$8:$A$1007,0)),"")=C8))),"شناسه یا جلسه نامعتبر",IF(AND(M8="بررسی شد",J8<>"",O8<>"",P8<>"",Q8<>"",AND(COUNTIFS('14-مستندات و پیوست‌ها'!$A$8:$A$1007,L8)=1,IFERROR(INDEX('14-مستندات و پیوست‌ها'!$B$8:$B$1007,MATCH(L8,'14-مستندات و پیوست‌ها'!$A$8:$A$1007,0)),"")=B8,OR(IFERROR(INDEX('14-مستندات و پیوست‌ها'!$H$8:$H$1007,MATCH(L8,'14-مستندات و پیوست‌ها'!$A$8:$A$1007,0)),"")="دریافت شده",IFERROR(INDEX('14-مستندات و پیوست‌ها'!$H$8:$H$1007,MATCH(L8,'14-مستندات و پیوست‌ها'!$A$8:$A$1007,0)),"")="فرضی"))),"معتبر","بررسی یا شاهد ناقص"))) -> بررسی یا شاهد ناقص
A9: IN-R02 | B9: NIPCO | C9: P-BASE | D9: MR-NIPCO-BASE | E9: واقعی؛ نیازمند تأیید | F9: مرجع داده و سوابق | G9: IMS | H9: مرجع داده و سوابق | I9: توضیح کاربر | J9: مرجع معتبر شاخص‌ها، فایل پایش شاخص‌هاست. سوابق ممیزی، پایش و پیوست‌ها در سیستم تضمین کیفیت نگهداری می‌شوند. اعداد این نسخه از گزارش‌های موجود نقل شده و هنوز با مرجع پایش تطبیق نشده‌اند. | K9: برای هر ادعا شناسه، تاریخ، نسخه و محل بازیابی شاهد درج شود. | L9: DOC-SOURCE | M9: بررسی نشده | N9: نیازمند تعیین | R9: =IF(A9="","",IF(NOT(AND(COUNTIFS('03-ورودی‌های بازنگری'!$A$8:$A$1007,A9)=1,AND(COUNTIFS('17-جلسات و دوره‌ها'!$A$8:$A$1007,D9)=1,IFERROR(INDEX('17-جلسات و دوره‌ها'!$B$8:$B$1007,MATCH(D9,'17-جلسات و دوره‌ها'!$A$8:$A$1007,0)),"")=B9,IFERROR(INDEX('17-جلسات و دوره‌ها'!$C$8:$C$1007,MATCH(D9,'17-جلسات و دوره‌ها'!$A$8:$A$1007,0)),"")=C9))),"شناسه یا جلسه نامعتبر",IF(AND(M9="بررسی شد",J9<>"",O9<>"",P9<>"",Q9<>"",AND(COUNTIFS('14-مستندات و پیوست‌ها'!$A$8:$A$1007,L9)=1,IFERROR(INDEX('14-مستندات و پیوست‌ها'!$B$8:$B$1007,MATCH(L9,'14-مستندات و پیوست‌ها'!$A$8:$A$1007,0)),"")=B9,OR(IFERROR(INDEX('14-مستندات و پیوست‌ها'!$H$8:$H$1007,MATCH(L9,'14-مستندات و پیوست‌ها'!$A$8:$A$1007,0)),"")="دریافت شده",IFERROR(INDEX('14-مستندات و پیوست‌ها'!$H$8:$H$1007,MATCH(L9,'14-مستندات و پیوست‌ها'!$A$8:$A$1007,0)),"")="فرضی"))),"معتبر","بررسی یا شاهد ناقص"))) -> بررسی یا شاهد ناقص
A10: IN-R03 | B10: NIPCO | C10: P-BASE | D10: MR-NIPCO-BASE | E10: واقعی؛ نیازمند تأیید | F10: پیگیری بازنگری قبلی | G10: IMS | H10: پیگیری بازنگری قبلی | I10: HSE 1!C4:O6؛ LOG 1!C4:O12؛ 1 (2)!C4:O12 | J10: موضوعات مشترک شامل استقرار IMS، توسعه فضای انبارش، ساخت پالت، آموزش و اصلاح مستندات است. در گزارش لجستیک راه‌اندازی جرثقیل سقفی و نصب پرس ۵۰۰ تن انجام‌شده اعلام شده است. وضعیت گواهینامه IMS در بخش‌های مختلف به‌صورت انعقاد قرارداد و اخذ گواهینامه آمده است. | K10: وضعیت جاری هر مصوبه، شاهد خاتمه و اثربخشی ثبت شود؛ ادعای اخذ گواهینامه با سابقه سیستم تضمین تطبیق یابد. | L10: DOC-SOURCE | M10: بررسی نشده | N10: نیازمند تعیین | R10: =IF(A10="","",IF(NOT(AND(COUNTIFS('03-ورودی‌های بازنگری'!$A$8:$A$1007,A10)=1,AND(COUNTIFS('17-جلسات و دوره‌ها'!$A$8:$A$1007,D10)=1,IFERROR(INDEX('17-جلسات و دوره‌ها'!$B$8:$B$1007,MATCH(D10,'17-جلسات و دوره‌ها'!$A$8:$A$1007,0)),"")=B10,IFERROR(INDEX('17-جلسات و دوره‌ها'!$C$8:$C$1007,MATCH(D10,'17-جلسات و دوره‌ها'!$A$8:$A$1007,0)),"")=C10))),"شناسه یا جلسه نامعتبر",IF(AND(M10="بررسی شد",J10<>"",O10<>"",P10<>"",Q10<>"",AND(COUNTIFS('14-مستندات و پیوست‌ها'!$A$8:$A$1007,L10)=1,IFERROR(INDEX('14-مستندات و پیوست‌ها'!$B$8:$B$1007,MATCH(L10,'14-مستندات و پیوست‌ها'!$A$8:$A$1007,0)),"")=B10,OR(IFERROR(INDEX('14-مستندات و پیوست‌ها'!$H$8:$H$1007,MATCH(L10,'14-مستندات و پیوست‌ها'!$A$8:$A$1007,0)),"")="دریافت شده",IFERROR(INDEX('14-مستندات و پیوست‌ها'!$H$8:$H$1007,MATCH(L10,'14-مستندات و پیوست‌ها'!$A$8:$A$1007,0)),"")="فرضی"))),"معتبر","بررسی یا شاهد ناقص"))) -> بررسی یا شاهد ناقص
A11: IN-R04 | B11: NIPCO | C11: P-BASE | D11: MR-NIPCO-BASE | E11: واقعی؛ نیازمند تأیید | F11: تغییرات داخلی و توسعه فضا | G11: IMS | H11: تغییرات داخلی و توسعه فضا | I11: LOG 1!C12؛ 8-9!C24؛ 17!C17؛ HSE 8-9!C15:C37 | J11: الحاق فضای ایمن ایستاالکتریک، کمبود فضای انبار و نیروی انسانی و تغییر جانمایی، موضوعات مشترک کیفیت، لجستیک و HSE هستند. کمبود ۶۲۳ مترمربع در گزارش لجستیک و کمبود ۷۰۰ مترمربع انبار نیم‌ساخته سالن ۲ ذکر شده؛ دامنه این دو مقدار متفاوت یا نیازمند تفکیک است. | K11: یک برنامه مصوب توسعه فضا همراه با کنترل‌های موقت ایمنی، انبارش و جریان مواد تنظیم شود. مهلت‌های متعارض اصلاح شوند. | L11: DOC-SOURCE | M11: بررسی نشده | N11: نیازمند تعیین | R11: =IF(A11="","",IF(NOT(AND(COUNTIFS('03-ورودی‌های بازنگری'!$A$8:$A$1007,A11)=1,AND(COUNTIFS('17-جلسات و دوره‌ها'!$A$8:$A$1007,D11)=1,IFERROR(INDEX('17-جلسات و دوره‌ها'!$B$8:$B$1007,MATCH(D11,'17-جلسات و دوره‌ها'!$A$8:$A$1007,0)),"")=B11,IFERROR(INDEX('17-جلسات و دوره‌ها'!$C$8:$C$1007,MATCH(D11,'17-جلسات و دوره‌ها'!$A$8:$A$1007,0)),"")=C11))),"شناسه یا جلسه نامعتبر",IF(AND(M11="بررسی شد",J11<>"",O11<>"",P11<>"",Q11<>"",AND(COUNTIFS('14-مستندات و پیوست‌ها'!$A$8:$A$1007,L11)=1,IFERROR(INDEX('14-مستندات و پیوست‌ها'!$B$8:$B$1007,MATCH(L11,'14-مستندات و پیوست‌ها'!$A$8:$A$1007,0)),"")=B11,OR(IFERROR(INDEX('14-مستندات و پیوست‌ها'!$H$8:$H$1007,MATCH(L11,'14-مستندات و پیوست‌ها'!$A$8:$A$1007,0)),"")="دریافت شده",IFERROR(INDEX('14-مستندات و پیوست‌ها'!$H$8:$H$1007,MATCH(L11,'14-مستندات و پیوست‌ها'!$A$8:$A$1007,0)),"")="فرضی"))),"معتبر","بررسی یا شاهد ناقص"))) -> بررسی یا شاهد ناقص
A12: IN-R05 | B12: NIPCO | C12: P-BASE | D12: MR-NIPCO-BASE | E12: واقعی؛ نیازمند تأیید | F12: تغییرات بیرونی و بازار | G12: IMS | H12: تغییرات بیرونی و بازار | I12: LOG 1!C16:O20؛ 8-9!C29:O32؛ 19!C8 | J12: در اسناد، محدودیت تأمین و نقدینگی، تأخیر پرداخت مشتریان، حذف برخی خودروها، ناپایداری منطقه و محدودیت سوخت حمل‌ونقل مطرح شده است. توسعه فروش بازار آزاد از طریق نورایستا خراسان و جذب پروژه‌های جدید به‌عنوان پاسخ معرفی شده‌اند. | K12: اثر هر تغییر بر کیفیت، تحویل، محیط‌زیست و ایمنی به‌صورت مشخص ارزیابی و مالک اقدام تعیین شود. | L12: DOC-SOURCE | M12: بررسی نشده | N12: نیازمند تعیین | R12: =IF(A12="","",IF(NOT(AND(COUNTIFS('03-ورودی‌های بازنگری'!$A$8:$A$1007,A12)=1,AND(COUNTIFS('17-جلسات و دوره‌ها'!$A$8:$A$1007,D12)=1,IFERROR(INDEX('17-جلسات و دوره‌ها'!$B$8:$B$1007,MATCH(D12,'17-جلسات و دوره‌ها'!$A$8:$A$1007,0)),"")=B12,IFERROR(INDEX('17-جلسات و دوره‌ها'!$C$8:$C$1007,MATCH(D12,'17-جلسات و دوره‌ها'!$A$8:$A$1007,0)),"")=C12))),"شناسه یا جلسه نامعتبر",IF(AND(M12="بررسی شد",J12<>"",O12<>"",P12<>"",Q12<>"",AND(COUNTIFS('14-مستندات و پیوست‌ها'!$A$8:$A$1007,L12)=1,IFERROR(INDEX('14-مستندات و پیوست‌ها'!$B$8:$B$1007,MATCH(L12,'14-مستندات و پیوست‌ها'!$A$8:$A$1007,0)),"")=B12,OR(IFERROR(INDEX('14-مستندات و پیوست‌ها'!$H$8:$H$1007,MATCH(L12,'14-مستندات و پیوست‌ها'!$A$8:$A$1007,0)),"")="دریافت شده",IFERROR(INDEX('14-مستندات و پیوست‌ها'!$H$8:$H$1007,MATCH(L12,'14-مستندات و پیوست‌ها'!$A$8:$A$1007,0)),"")="فرضی"))),"معتبر","بررسی یا شاهد ناقص"))) -> بررسی یا شاهد ناقص
A13: IN-R06 | B13: NIPCO | C13: P-BASE | D13: MR-NIPCO-BASE | E13: واقعی؛ نیازمند تأیید | F13: مشتریان و ذی‌نفعان | G13: IMS | H13: مشتریان و ذی‌نفعان | I13: LOG 1!C21:F27؛ 1 (2)!C23:C27؛ HSE 1!B20:F30 | J13: امتیازهای مشتریان، سهامداران، کارکنان و مراجع قانونی در دو گزارش درج شده‌اند. واگذاری ۳۰۰ سهم به هر یک از کارکنان و تحقق تعهدات به سهامداران در متن منبع گزارش شده است؛ این ادعاها مستقلاً تصدیق نشده‌اند. | K13: مراجع قانونی در گروه ذی‌نفعان/تعهدات انطباق طبقه‌بندی شوند. روش محاسبه رضایت و دوره امتیازها تکمیل شود. | L13: DOC-SOURCE | M13: بررسی نشده | N13: نیازمند تعیین | R13: =IF(A13="","",IF(NOT(AND(COUNTIFS('03-ورودی‌های بازنگری'!$A$8:$A$1007,A13)=1,AND(COUNTIFS('17-جلسات و دوره‌ها'!$A$8:$A$1007,D13)=1,IFERROR(INDEX('17-جلسات و دوره‌ها'!$B$8:$B$1007,MATCH(D13,'17-جلسات و دوره‌ها'!$A$8:$A$1007,0)),"")=B13,IFERROR(INDEX('17-جلسات و دوره‌ها'!$C$8:$C$1007,MATCH(D13,'17-جلسات و دوره‌ها'!$A$8:$A$1007,0)),"")=C13))),"شناسه یا جلسه نامعتبر",IF(AND(M13="بررسی شد",J13<>"",O13<>"",P13<>"",Q13<>"",AND(COUNTIFS('14-مستندات و پیوست‌ها'!$A$8:$A$1007,L13)=1,IFERROR(INDEX('14-مستندات و پیوست‌ها'!$B$8:$B$1007,MATCH(L13,'14-مستندات و پیوست‌ها'!$A$8:$A$1007,0)),"")=B13,OR(IFERROR(INDEX('14-مستندات و پیوست‌ها'!$H$8:$H$1007,MATCH(L13,'14-مستندات و پیوست‌ها'!$A$8:$A$1007,0)),"")="دریافت شده",IFERROR(INDEX('14-مستندات و پیوست‌ها'!$H$8:$H$1007,MATCH(L13,'14-مستندات و پیوست‌ها'!$A$8:$A$1007,0)),"")="فرضی"))),"معتبر","بررسی یا شاهد ناقص"))) -> بررسی یا شاهد ناقص
A14: IN-R07 | B14: NIPCO | C14: P-BASE | D14: MR-NIPCO-BASE | E14: واقعی؛ نیازمند تأیید | F14: اهداف و عملکرد فرآیندها | G14: IMS | H14: اهداف و عملکرد فرآیندها | I14: HSE 2!B5:F15؛ LOG 2-4!B5:F44؛ 10-!B8:F18 | J14: جدول یکپارچه شاخص‌ها، هدف، معیار پذیرش و مقادیر دوره قبل و جاری را همراه با اختلاف عددی نشان می‌دهد. تفاوت میان دستیابی به هدف، رعایت معیار پذیرش و بهبود نسبت به دوره قبل باید در تصمیم‌گیری حفظ شود. | K14: برای شاخص‌های محقق‌نشده، علت، اقدام، مسئول و معیار اثربخشی تعیین شود؛ در موارد متعارض هیچ مقدار مرجع انتخاب نشده است. | L14: DOC-SOURCE | M14: بررسی نشده | N14: نیازمند تعیین | R14: =IF(A14="","",IF(NOT(AND(COUNTIFS('03-ورودی‌های بازنگری'!$A$8:$A$1007,A14)=1,AND(COUNTIFS('17-جلسات و دوره‌ها'!$A$8:$A$1007,D14)=1,IFERROR(INDEX('17-جلسات و دوره‌ها'!$B$8:$B$1007,MATCH(D14,'17-جلسات و دوره‌ها'!$A$8:$A$1007,0)),"")=B14,IFERROR(INDEX('17-جلسات و دوره‌ها'!$C$8:$C$1007,MATCH(D14,'17-جلسات و دوره‌ها'!$A$8:$A$1007,0)),"")=C14))),"شناسه یا جلسه نامعتبر",IF(AND(M14="بررسی شد",J14<>"",O14<>"",P14<>"",Q14<>"",AND(COUNTIFS('14-مستندات و پیوست‌ها'!$A$8:$A$1007,L14)=1,IFERROR(INDEX('14-مستندات و پیوست‌ها'!$B$8:$B$1007,MATCH(L14,'14-مستندات و پیوست‌ها'!$A$8:$A$1007,0)),"")=B14,OR(IFERROR(INDEX('14-مستندات و پیوست‌ها'!$H$8:$H$1007,MATCH(L14,'14-مستندات و پیوست‌ها'!$A$8:$A$1007,0)),"")="دریافت شده",IFERROR(INDEX('14-مستندات و پیوست‌ها'!$H$8:$H$1007,MATCH(L14,'14-مستندات و پیوست‌ها'!$A$8:$A$1007,0)),"")="فرضی"))),"معتبر","بررسی یا شاهد ناقص"))) -> بررسی یا شاهد ناقص
A15: IN-R08 | B15: NIPCO | C15: P-BASE | D15: MR-NIPCO-BASE | E15: واقعی؛ نیازمند تأیید | F15: ممیزی‌های داخلی | G15: IMS | H15: ممیزی‌های داخلی | I15: HSE 3؛ LOG 5-7 و 5-7 (2) | J15: یافته‌ها شامل ضعف ردیابی، انبارش، صلاحیت، مستندات، کنترل محصول مشکوک، نگهداری، تکوین محصول و اجرای الزامات IMS است. ثبت تفصیلی یافته‌ها در کاربرگ «ممیزی و شواهد» آمده است. | K15: هر یافته به اقدام متناسب متصل شود. نیازسنجی آموزشی به‌تنهایی پاسخ کافی برای همه مسائل زیرساختی و سیستمی نیست. | L15: DOC-SOURCE | M15: بررسی نشده | N15: نیازمند تعیین | R15: =IF(A15="","",IF(NOT(AND(COUNTIFS('03-ورودی‌های بازنگری'!$A$8:$A$1007,A15)=1,AND(COUNTIFS('17-جلسات و دوره‌ها'!$A$8:$A$1007,D15)=1,IFERROR(INDEX('17-جلسات و دوره‌ها'!$B$8:$B$1007,MATCH(D15,'17-جلسات و دوره‌ها'!$A$8:$A$1007,0)),"")=B15,IFERROR(INDEX('17-جلسات و دوره‌ها'!$C$8:$C$1007,MATCH(D15,'17-جلسات و دوره‌ها'!$A$8:$A$1007,0)),"")=C15))),"شناسه یا جلسه نامعتبر",IF(AND(M15="بررسی شد",J15<>"",O15<>"",P15<>"",Q15<>"",AND(COUNTIFS('14-مستندات و پیوست‌ها'!$A$8:$A$1007,L15)=1,IFERROR(INDEX('14-مستندات و پیوست‌ها'!$B$8:$B$1007,MATCH(L15,'14-مستندات و پیوست‌ها'!$A$8:$A$1007,0)),"")=B15,OR(IFERROR(INDEX('14-مستندات و پیوست‌ها'!$H$8:$H$1007,MATCH(L15,'14-مستندات و پیوست‌ها'!$A$8:$A$1007,0)),"")="دریافت شده",IFERROR(INDEX('14-مستندات و پیوست‌ها'!$H$8:$H$1007,MATCH(L15,'14-مستندات و پیوست‌ها'!$A$8:$A$1007,0)),"")="فرضی"))),"معتبر","بررسی یا شاهد ناقص"))) -> بررسی یا شاهد ناقص
A16: IN-R09 | B16: NIPCO | C16: P-BASE | D16: MR-NIPCO-BASE | E16: واقعی؛ نیازمند تأیید | F16: ممیزی‌های خارجی و گواهینامه | G16: IMS | H16: ممیزی‌های خارجی و گواهینامه | I16: HSE 3!C27 و 15!C11؛ LOG 1!G4:G5 و 15!C9 | J16: گزارش‌ها به ممیزی مشتری، گرید B+، هدف گرید A و ممیزی مراقبتی IMS اشاره دارند. متن HSE هم‌زمان از نبود برنامه ممیزی و اجرای برنامه سه‌ساله سخن می‌گوید. | K16: شماره و تاریخ گزارش‌های خارجی، دامنه و وضعیت عدم‌انطباق‌ها و برنامه جاری ممیزی به سند متصل شود. | L16: DOC-SOURCE | M16: بررسی نشده | N16: نیازمند تعیین | R16: =IF(A16="","",IF(NOT(AND(COUNTIFS('03-ورودی‌های بازنگری'!$A$8:$A$1007,A16)=1,AND(COUNTIFS('17-جلسات و دوره‌ها'!$A$8:$A$1007,D16)=1,IFERROR(INDEX('17-جلسات و دوره‌ها'!$B$8:$B$1007,MATCH(D16,'17-جلسات و دوره‌ها'!$A$8:$A$1007,0)),"")=B16,IFERROR(INDEX('17-جلسات و دوره‌ها'!$C$8:$C$1007,MATCH(D16,'17-جلسات و دوره‌ها'!$A$8:$A$1007,0)),"")=C16))),"شناسه یا جلسه نامعتبر",IF(AND(M16="بررسی شد",J16<>"",O16<>"",P16<>"",Q16<>"",AND(COUNTIFS('14-مستندات و پیوست‌ها'!$A$8:$A$1007,L16)=1,IFERROR(INDEX('14-مستندات و پیوست‌ها'!$B$8:$B$1007,MATCH(L16,'14-مستندات و پیوست‌ها'!$A$8:$A$1007,0)),"")=B16,OR(IFERROR(INDEX('14-مستندات و پیوست‌ها'!$H$8:$H$1007,MATCH(L16,'14-مستندات و پیوست‌ها'!$A$8:$A$1007,0)),"")="دریافت شده",IFERROR(INDEX('14-مستندات و پیوست‌ها'!$H$8:$H$1007,MATCH(L16,'14-مستندات و پیوست‌ها'!$A$8:$A$1007,0)),"")="فرضی"))),"معتبر","بررسی یا شاهد ناقص"))) -> بررسی یا شاهد ناقص
A17: IN-R10 | B17: NIPCO | C17: P-BASE | D17: MR-NIPCO-BASE | E17: واقعی؛ نیازمند تأیید | F17: اقدامات اصلاحی و اثربخشی | G17: IMS | H17: اقدامات اصلاحی و اثربخشی | I17: HSE 14!C11؛ LOG 14!C11 و 2-4!F14 | J17: در هر دو گزارش تصریح شده که بستن اقدام در اتوماسیون با اثربخشی آن یکسان تلقی می‌شود. این ضعف اعتبار شاخص اثربخشی اقدامات اصلاحی را تحت تأثیر قرار می‌دهد. | K17: گردش کار به مراحل تحلیل علت، اجرای اقدام، تصدیق اجرا و ارزیابی اثربخشی تفکیک شود. نتیجه و شواهد هر مرحله ثبت گردد. | L17: DOC-SOURCE | M17: بررسی نشده | N17: نیازمند تعیین | R17: =IF(A17="","",IF(NOT(AND(COUNTIFS('03-ورودی‌های بازنگری'!$A$8:$A$1007,A17)=1,AND(COUNTIFS('17-جلسات و دوره‌ها'!$A$8:$A$1007,D17)=1,IFERROR(INDEX('17-جلسات و دوره‌ها'!$B$8:$B$1007,MATCH(D17,'17-جلسات و دوره‌ها'!$A$8:$A$1007,0)),"")=B17,IFERROR(INDEX('17-جلسات و دوره‌ها'!$C$8:$C$1007,MATCH(D17,'17-جلسات و دوره‌ها'!$A$8:$A$1007,0)),"")=C17))),"شناسه یا جلسه نامعتبر",IF(AND(M17="بررسی شد",J17<>"",O17<>"",P17<>"",Q17<>"",AND(COUNTIFS('14-مستندات و پیوست‌ها'!$A$8:$A$1007,L17)=1,IFERROR(INDEX('14-مستندات و پیوست‌ها'!$B$8:$B$1007,MATCH(L17,'14-مستندات و پیوست‌ها'!$A$8:$A$1007,0)),"")=B17,OR(IFERROR(INDEX('14-مستندات و پیوست‌ها'!$H$8:$H$1007,MATCH(L17,'14-مستندات و پیوست‌ها'!$A$8:$A$1007,0)),"")="دریافت شده",IFERROR(INDEX('14-مستندات و پیوست‌ها'!$H$8:$H$1007,MATCH(L17,'14-مستندات و پیوست‌ها'!$A$8:$A$1007,0)),"")="فرضی"))),"معتبر","بررسی یا شاهد ناقص"))) -> بررسی یا شاهد ناقص
A18: IN-R11 | B18: NIPCO | C18: P-BASE | D18: MR-NIPCO-BASE | E18: واقعی؛ نیازمند تأیید | F18: انطباق محصول، کلیم و ضمانت | G18: IMS | H18: انطباق محصول، کلیم و ضمانت | I18: LOG 14!C5:O17؛ 13!C5؛ 2-4!B28:F33 | J18: PPM مشتریان، شماره‌های فنی دارای کلیم و تعداد تکرار کلیم در گزارش درج شده است. نبود شکایت عرصه مصرف و برنامه بازدید از انبار داغی‌ها نیز گزارش شده است. | K18: شکایت تولیدی مشتری، برگشتی ضمانت و خرابی عرصه مصرف تفکیک شوند. پارتو و بازرسی ابعادی با شناسه شاهد پیوند یابند. | L18: DOC-SOURCE | M18: بررسی نشده | N18: نیازمند تعیین | R18: =IF(A18="","",IF(NOT(AND(COUNTIFS('03-ورودی‌های بازنگری'!$A$8:$A$1007,A18)=1,AND(COUNTIFS('17-جلسات و دوره‌ها'!$A$8:$A$1007,D18)=1,IFERROR(INDEX('17-جلسات و دوره‌ها'!$B$8:$B$1007,MATCH(D18,'17-جلسات و دوره‌ها'!$A$8:$A$1007,0)),"")=B18,IFERROR(INDEX('17-جلسات و دوره‌ها'!$C$8:$C$1007,MATCH(D18,'17-جلسات و دوره‌ها'!$A$8:$A$1007,0)),"")=C18))),"شناسه یا جلسه نامعتبر",IF(AND(M18="بررسی شد",J18<>"",O18<>"",P18<>"",Q18<>"",AND(COUNTIFS('14-مستندات و پیوست‌ها'!$A$8:$A$1007,L18)=1,IFERROR(INDEX('14-مستندات و پیوست‌ها'!$B$8:$B$1007,MATCH(L18,'14-مستندات و پیوست‌ها'!$A$8:$A$1007,0)),"")=B18,OR(IFERROR(INDEX('14-مستندات و پیوست‌ها'!$H$8:$H$1007,MATCH(L18,'14-مستندات و پیوست‌ها'!$A$8:$A$1007,0)),"")="دریافت شده",IFERROR(INDEX('14-مستندات و پیوست‌ها'!$H$8:$H$1007,MATCH(L18,'14-مستندات و پیوست‌ها'!$A$8:$A$1007,0)),"")="فرضی"))),"معتبر","بررسی یا شاهد ناقص"))) -> بررسی یا شاهد ناقص
A19: IN-R12 | B19: NIPCO | C19: P-BASE | D19: MR-NIPCO-BASE | E19: واقعی؛ نیازمند تأیید | F19: اندازه‌گیری و قابلیت فرآیند | G19: IMS | H19: اندازه‌گیری و قابلیت فرآیند | I19: LOG 8-9!C5:F15 | J19: در منبع لجستیک R&R کولیس یک‌متری ۸٫۲۱، Cmk ماشین پانچ ۱٫۸۹ و برای مشخصه معرفی‌شده Cp=2.45 و Cpk=1.68 ثبت شده است. اجرای MSA وصفی نیز اعلام شده است. | K19: واحد R&R، طرح نمونه‌برداری، پایداری فرآیند، حدود پذیرش و شناسه مطالعه مشخص شود؛ اعداد به‌تنهایی برای نتیجه انطباق کافی نیستند. | L19: DOC-SOURCE | M19: بررسی نشده | N19: نیازمند تعیین | R19: =IF(A19="","",IF(NOT(AND(COUNTIFS('03-ورودی‌های بازنگری'!$A$8:$A$1007,A19)=1,AND(COUNTIFS('17-جلسات و دوره‌ها'!$A$8:$A$1007,D19)=1,IFERROR(INDEX('17-جلسات و دوره‌ها'!$B$8:$B$1007,MATCH(D19,'17-جلسات و دوره‌ها'!$A$8:$A$1007,0)),"")=B19,IFERROR(INDEX('17-جلسات و دوره‌ها'!$C$8:$C$1007,MATCH(D19,'17-جلسات و دوره‌ها'!$A$8:$A$1007,0)),"")=C19))),"شناسه یا جلسه نامعتبر",IF(AND(M19="بررسی شد",J19<>"",O19<>"",P19<>"",Q19<>"",AND(COUNTIFS('14-مستندات و پیوست‌ها'!$A$8:$A$1007,L19)=1,IFERROR(INDEX('14-مستندات و پیوست‌ها'!$B$8:$B$1007,MATCH(L19,'14-مستندات و پیوست‌ها'!$A$8:$A$1007,0)),"")=B19,OR(IFERROR(INDEX('14-مستندات و پیوست‌ها'!$H$8:$H$1007,MATCH(L19,'14-مستندات و پیوست‌ها'!$A$8:$A$1007,0)),"")="دریافت شده",IFERROR(INDEX('14-مستندات و پیوست‌ها'!$H$8:$H$1007,MATCH(L19,'14-مستندات و پیوست‌ها'!$A$8:$A$1007,0)),"")="فرضی"))),"معتبر","بررسی یا شاهد ناقص"))) -> بررسی یا شاهد ناقص
... A36: IN-R29 | B36: NIPCO | C36: P-BASE | D36: MR-NIPCO-BASE | E36: واقعی؛ نیازمند تأیید | F36: نتیجه‌گیری بازنگری | G36: HSE | H36: نتیجه‌گیری بازنگری | I36: جمع‌بندی بررسی اسناد | J36: دو سند، ورودی‌های گسترده و نیازهای واقعی بهبود را پوشش می‌دهند؛ اما ناسازگاری داده‌ها و نبود شواهد قابل بازیابی در بسته فعلی، نتیجه‌گیری قطعی درباره کفایت و اثربخشی کل سیستم را محدود می‌کند. این جمله ارزیابی مستندات است، نه مصوبه مدیریت. | K36: مدیریت پس از تطبیق شاخص‌ها و بررسی شواهد، نتیجه مستقل درباره تناسب، کفایت، اثربخشی و هم‌راستایی راهبردی هر حوزه را ثبت و تصویب کند. | L36: DOC-SOURCE | M36: بررسی نشده | N36: نیازمند تعیین | R36: =IF(A36="","",IF(NOT(AND(COUNTIFS('03-ورودی‌های بازنگری'!$A$8:$A$1007,A36)=1,AND(COUNTIFS('17-جلسات و دوره‌ها'!$A$8:$A$1007,D36)=1,IFERROR(INDEX('17-جلسات و دوره‌ها'!$B$8:$B$1007,MATCH(D36,'17-جلسات و دوره‌ها'!$A$8:$A$1007,0)),"")=B36,IFERROR(INDEX('17-جلسات و دوره‌ها'!$C$8:$C$1007,MATCH(D36,'17-جلسات و دوره‌ها'!$A$8:$A$1007,0)),"")=C36))),"شناسه یا جلسه نامعتبر",IF(AND(M36="بررسی شد",J36<>"",O36<>"",P36<>"",Q36<>"",AND(COUNTIFS('14-مستندات و پیوست‌ها'!$A$8:$A$1007,L36)=1,IFERROR(INDEX('14-مستندات و پیوست‌ها'!$B$8:$B$1007,MATCH(L36,'14-مستندات و پیوست‌ها'!$A$8:$A$1007,0)),"")=B36,OR(IFERROR(INDEX('14-مستندات و پیوست‌ها'!$H$8:$H$1007,MATCH(L36,'14-مستندات و پیوست‌ها'!$A$8:$A$1007,0)),"")="دریافت شده",IFERROR(INDEX('14-مستندات و پیوست‌ها'!$H$8:$H$1007,MATCH(L36,'14-مستندات و پیوست‌ها'!$A$8:$A$1007,0)),"")="فرضی"))),"معتبر","بررسی یا شاهد ناقص"))) -> بررسی یا شاهد ناقص
A37: IN-S1 | B37: DEMO | C37: P-DEMO | D37: MR-DEMO-01 | E37: فرضی؛ صرفاً آموزش | F37: کیفیت مشتری | G37: IATF | H37: PPM بالاتر از هدف | I37: DOC-DEMO | J37: داده فرضی برای آزمون مسیر تصمیم‌گیری؛ گزارش واقعی شرکت نیست. | K37: بررسی و تعیین تکلیف در سناریوی آموزشی | L37: DOC-DEMO | M37: بررسی شد | N37: بالا | O37: تحلیل سناریوی فرضی بررسی شد. | P37: ارزیاب فرضی | Q37: DEMO-APP | R37: =IF(A37="","",IF(NOT(AND(COUNTIFS('03-ورودی‌های بازنگری'!$A$8:$A$1007,A37)=1,AND(COUNTIFS('17-جلسات و دوره‌ها'!$A$8:$A$1007,D37)=1,IFERROR(INDEX('17-جلسات و دوره‌ها'!$B$8:$B$1007,MATCH(D37,'17-جلسات و دوره‌ها'!$A$8:$A$1007,0)),"")=B37,IFERROR(INDEX('17-جلسات و دوره‌ها'!$C$8:$C$1007,MATCH(D37,'17-جلسات و دوره‌ها'!$A$8:$A$1007,0)),"")=C37))),"شناسه یا جلسه نامعتبر",IF(AND(M37="بررسی شد",J37<>"",O37<>"",P37<>"",Q37<>"",AND(COUNTIFS('14-مستندات و پیوست‌ها'!$A$8:$A$1007,L37)=1,IFERROR(INDEX('14-مستندات و پیوست‌ها'!$B$8:$B$1007,MATCH(L37,'14-مستندات و پیوست‌ها'!$A$8:$A$1007,0)),"")=B37,OR(IFERROR(INDEX('14-مستندات و پیوست‌ها'!$H$8:$H$1007,MATCH(L37,'14-مستندات و پیوست‌ها'!$A$8:$A$1007,0)),"")="دریافت شده",IFERROR(INDEX('14-مستندات و پیوست‌ها'!$H$8:$H$1007,MATCH(L37,'14-مستندات و پیوست‌ها'!$A$8:$A$1007,0)),"")="فرضی"))),"معتبر","بررسی یا شاهد ناقص"))) -> معتبر
A38: IN-S2 | B38: DEMO | C38: P-DEMO | D38: MR-DEMO-01 | E38: فرضی؛ صرفاً آموزش | F38: ظرفیت | G38: QMS | H38: خرید تجهیز ظرفیت | I38: DOC-DEMO | J38: داده فرضی برای آزمون مسیر تصمیم‌گیری؛ گزارش واقعی شرکت نیست. | K38: بررسی و تعیین تکلیف در سناریوی آموزشی | L38: DOC-DEMO | M38: بررسی شد | N38: بالا | O38: تحلیل سناریوی فرضی بررسی شد. | P38: ارزیاب فرضی | Q38: DEMO-APP | R38: =IF(A38="","",IF(NOT(AND(COUNTIFS('03-ورودی‌های بازنگری'!$A$8:$A$1007,A38)=1,AND(COUNTIFS('17-جلسات و دوره‌ها'!$A$8:$A$1007,D38)=1,IFERROR(INDEX('17-جلسات و دوره‌ها'!$B$8:$B$1007,MATCH(D38,'17-جلسات و دوره‌ها'!$A$8:$A$1007,0)),"")=B38,IFERROR(INDEX('17-جلسات و دوره‌ها'!$C$8:$C$1007,MATCH(D38,'17-جلسات و دوره‌ها'!$A$8:$A$1007,0)),"")=C38))),"شناسه یا جلسه نامعتبر",IF(AND(M38="بررسی شد",J38<>"",O38<>"",P38<>"",Q38<>"",AND(COUNTIFS('14-مستندات و پیوست‌ها'!$A$8:$A$1007,L38)=1,IFERROR(INDEX('14-مستندات و پیوست‌ها'!$B$8:$B$1007,MATCH(L38,'14-مستندات و پیوست‌ها'!$A$8:$A$1007,0)),"")=B38,OR(IFERROR(INDEX('14-مستندات و پیوست‌ها'!$H$8:$H$1007,MATCH(L38,'14-مستندات و پیوست‌ها'!$A$8:$A$1007,0)),"")="دریافت شده",IFERROR(INDEX('14-مستندات و پیوست‌ها'!$H$8:$H$1007,MATCH(L38,'14-مستندات و پیوست‌ها'!$A$8:$A$1007,0)),"")="فرضی"))),"معتبر","بررسی یا شاهد ناقص"))) -> معتبر
A39: IN-S3 | B39: DEMO | C39: P-DEMO | D39: MR-DEMO-01 | E39: فرضی؛ صرفاً آموزش | F39: محیط‌زیست | G39: EMS | H39: مصرف انرژی بالاتر از هدف | I39: DOC-DEMO | J39: داده فرضی برای آزمون مسیر تصمیم‌گیری؛ گزارش واقعی شرکت نیست. | K39: بررسی و تعیین تکلیف در سناریوی آموزشی | L39: DOC-DEMO | M39: بررسی شد | N39: بالا | O39: تحلیل سناریوی فرضی بررسی شد. | P39: ارزیاب فرضی | Q39: DEMO-APP | R39: =IF(A39="","",IF(NOT(AND(COUNTIFS('03-ورودی‌های بازنگری'!$A$8:$A$1007,A39)=1,AND(COUNTIFS('17-جلسات و دوره‌ها'!$A$8:$A$1007,D39)=1,IFERROR(INDEX('17-جلسات و دوره‌ها'!$B$8:$B$1007,MATCH(D39,'17-جلسات و دوره‌ها'!$A$8:$A$1007,0)),"")=B39,IFERROR(INDEX('17-جلسات و دوره‌ها'!$C$8:$C$1007,MATCH(D39,'17-جلسات و دوره‌ها'!$A$8:$A$1007,0)),"")=C39))),"شناسه یا جلسه نامعتبر",IF(AND(M39="بررسی شد",J39<>"",O39<>"",P39<>"",Q39<>"",AND(COUNTIFS('14-مستندات و پیوست‌ها'!$A$8:$A$1007,L39)=1,IFERROR(INDEX('14-مستندات و پیوست‌ها'!$B$8:$B$1007,MATCH(L39,'14-مستندات و پیوست‌ها'!$A$8:$A$1007,0)),"")=B39,OR(IFERROR(INDEX('14-مستندات و پیوست‌ها'!$H$8:$H$1007,MATCH(L39,'14-مستندات و پیوست‌ها'!$A$8:$A$1007,0)),"")="دریافت شده",IFERROR(INDEX('14-مستندات و پیوست‌ها'!$H$8:$H$1007,MATCH(L39,'14-مستندات و پیوست‌ها'!$A$8:$A$1007,0)),"")="فرضی"))),"معتبر","بررسی یا شاهد ناقص"))) -> معتبر
A40: IN-S4 | B40: DEMO | C40: P-DEMO | D40: MR-DEMO-01 | E40: فرضی؛ صرفاً آموزش | F40: ایمنی | G40: OHS | H40: خطر مهم ایمنی | I40: DOC-DEMO | J40: داده فرضی برای آزمون مسیر تصمیم‌گیری؛ گزارش واقعی شرکت نیست. | K40: بررسی و تعیین تکلیف در سناریوی آموزشی | L40: DOC-DEMO | M40: بررسی شد | N40: بالا | O40: تحلیل سناریوی فرضی بررسی شد. | P40: ارزیاب فرضی | Q40: DEMO-APP | R40: =IF(A40="","",IF(NOT(AND(COUNTIFS('03-ورودی‌های بازنگری'!$A$8:$A$1007,A40)=1,AND(COUNTIFS('17-جلسات و دوره‌ها'!$A$8:$A$1007,D40)=1,IFERROR(INDEX('17-جلسات و دوره‌ها'!$B$8:$B$1007,MATCH(D40,'17-جلسات و دوره‌ها'!$A$8:$A$1007,0)),"")=B40,IFERROR(INDEX('17-جلسات و دوره‌ها'!$C$8:$C$1007,MATCH(D40,'17-جلسات و دوره‌ها'!$A$8:$A$1007,0)),"")=C40))),"شناسه یا جلسه نامعتبر",IF(AND(M40="بررسی شد",J40<>"",O40<>"",P40<>"",Q40<>"",AND(COUNTIFS('14-مستندات و پیوست‌ها'!$A$8:$A$1007,L40)=1,IFERROR(INDEX('14-مستندات و پیوست‌ها'!$B$8:$B$1007,MATCH(L40,'14-مستندات و پیوست‌ها'!$A$8:$A$1007,0)),"")=B40,OR(IFERROR(INDEX('14-مستندات و پیوست‌ها'!$H$8:$H$1007,MATCH(L40,'14-مستندات و پیوست‌ها'!$A$8:$A$1007,0)),"")="دریافت شده",IFERROR(INDEX('14-مستندات و پیوست‌ها'!$H$8:$H$1007,MATCH(L40,'14-مستندات و پیوست‌ها'!$A$8:$A$1007,0)),"")="فرضی"))),"معتبر","بررسی یا شاهد ناقص"))) -> معتبر
A41: IN-S5 | B41: DEMO | C41: P-DEMO | D41: MR-DEMO-01 | E41: فرضی؛ صرفاً آموزش | F41: کیفیت | G41: QMS | H41: هدف محقق‌شده بدون نیاز تغییر | I41: DOC-DEMO | J41: داده فرضی برای آزمون مسیر تصمیم‌گیری؛ گزارش واقعی شرکت نیست. | K41: بررسی و تعیین تکلیف در سناریوی آموزشی | L41: DOC-DEMO | M41: بررسی شد | N41: بالا | O41: تحلیل سناریوی فرضی بررسی شد. | P41: ارزیاب فرضی | Q41: DEMO-APP | R41: =IF(A41="","",IF(NOT(AND(COUNTIFS('03-ورودی‌های بازنگری'!$A$8:$A$1007,A41)=1,AND(COUNTIFS('17-جلسات و دوره‌ها'!$A$8:$A$1007,D41)=1,IFERROR(INDEX('17-جلسات و دوره‌ها'!$B$8:$B$1007,MATCH(D41,'17-جلسات و دوره‌ها'!$A$8:$A$1007,0)),"")=B41,IFERROR(INDEX('17-جلسات و دوره‌ها'!$C$8:$C$1007,MATCH(D41,'17-جلسات و دوره‌ها'!$A$8:$A$1007,0)),"")=C41))),"شناسه یا جلسه نامعتبر",IF(AND(M41="بررسی شد",J41<>"",O41<>"",P41<>"",Q41<>"",AND(COUNTIFS('14-مستندات و پیوست‌ها'!$A$8:$A$1007,L41)=1,IFERROR(INDEX('14-مستندات و پیوست‌ها'!$B$8:$B$1007,MATCH(L41,'14-مستندات و پیوست‌ها'!$A$8:$A$1007,0)),"")=B41,OR(IFERROR(INDEX('14-مستندات و پیوست‌ها'!$H$8:$H$1007,MATCH(L41,'14-مستندات و پیوست‌ها'!$A$8:$A$1007,0)),"")="دریافت شده",IFERROR(INDEX('14-مستندات و پیوست‌ها'!$H$8:$H$1007,MATCH(L41,'14-مستندات و پیوست‌ها'!$A$8:$A$1007,0)),"")="فرضی"))),"معتبر","بررسی یا شاهد ناقص"))) -> معتبر
A42: IN-S6 | B42: DEMO | C42: P-DEMO | D42: MR-DEMO-01 | E42: فرضی؛ صرفاً آموزش | F42: تعمیرات | G42: QMS | H42: اقدام اجراشده بدون اثربخشی | I42: DOC-DEMO | J42: داده فرضی برای آزمون مسیر تصمیم‌گیری؛ گزارش واقعی شرکت نیست. | K42: بررسی و تعیین تکلیف در سناریوی آموزشی | L42: DOC-DEMO | M42: بررسی شد | N42: بالا | O42: تحلیل سناریوی فرضی بررسی شد. | P42: ارزیاب فرضی | Q42: DEMO-APP | R42: =IF(A42="","",IF(NOT(AND(COUNTIFS('03-ورودی‌های بازنگری'!$A$8:$A$1007,A42)=1,AND(COUNTIFS('17-جلسات و دوره‌ها'!$A$8:$A$1007,D42)=1,IFERROR(INDEX('17-جلسات و دوره‌ها'!$B$8:$B$1007,MATCH(D42,'17-جلسات و دوره‌ها'!$A$8:$A$1007,0)),"")=B42,IFERROR(INDEX('17-جلسات و دوره‌ها'!$C$8:$C$1007,MATCH(D42,'17-جلسات و دوره‌ها'!$A$8:$A$1007,0)),"")=C42))),"شناسه یا جلسه نامعتبر",IF(AND(M42="بررسی شد",J42<>"",O42<>"",P42<>"",Q42<>"",AND(COUNTIFS('14-مستندات و پیوست‌ها'!$A$8:$A$1007,L42)=1,IFERROR(INDEX('14-مستندات و پیوست‌ها'!$B$8:$B$1007,MATCH(L42,'14-مستندات و پیوست‌ها'!$A$8:$A$1007,0)),"")=B42,OR(IFERROR(INDEX('14-مستندات و پیوست‌ها'!$H$8:$H$1007,MATCH(L42,'14-مستندات و پیوست‌ها'!$A$8:$A$1007,0)),"")="دریافت شده",IFERROR(INDEX('14-مستندات و پیوست‌ها'!$H$8:$H$1007,MATCH(L42,'14-مستندات و پیوست‌ها'!$A$8:$A$1007,0)),"")="فرضی"))),"معتبر","بررسی یا شاهد ناقص"))) -> معتبر
A43: IN-S7 | B43: DEMO | C43: P-DEMO | D43: MR-DEMO-01 | E43: فرضی؛ صرفاً آموزش | F43: منابع | G43: QMS | H43: رد درخواست منبع | I43: DOC-DEMO | J43: داده فرضی برای آزمون مسیر تصمیم‌گیری؛ گزارش واقعی شرکت نیست. | K43: بررسی و تعیین تکلیف در سناریوی آموزشی | L43: DOC-DEMO | M43: بررسی شد | N43: بالا | O43: تحلیل سناریوی فرضی بررسی شد. | P43: ارزیاب فرضی | Q43: DEMO-APP | R43: =IF(A43="","",IF(NOT(AND(COUNTIFS('03-ورودی‌های بازنگری'!$A$8:$A$1007,A43)=1,AND(COUNTIFS('17-جلسات و دوره‌ها'!$A$8:$A$1007,D43)=1,IFERROR(INDEX('17-جلسات و دوره‌ها'!$B$8:$B$1007,MATCH(D43,'17-جلسات و دوره‌ها'!$A$8:$A$1007,0)),"")=B43,IFERROR(INDEX('17-جلسات و دوره‌ها'!$C$8:$C$1007,MATCH(D43,'17-جلسات و دوره‌ها'!$A$8:$A$1007,0)),"")=C43))),"شناسه یا جلسه نامعتبر",IF(AND(M43="بررسی شد",J43<>"",O43<>"",P43<>"",Q43<>"",AND(COUNTIFS('14-مستندات و پیوست‌ها'!$A$8:$A$1007,L43)=1,IFERROR(INDEX('14-مستندات و پیوست‌ها'!$B$8:$B$1007,MATCH(L43,'14-مستندات و پیوست‌ها'!$A$8:$A$1007,0)),"")=B43,OR(IFERROR(INDEX('14-مستندات و پیوست‌ها'!$H$8:$H$1007,MATCH(L43,'14-مستندات و پیوست‌ها'!$A$8:$A$1007,0)),"")="دریافت شده",IFERROR(INDEX('14-مستندات و پیوست‌ها'!$H$8:$H$1007,MATCH(L43,'14-مستندات و پیوست‌ها'!$A$8:$A$1007,0)),"")="فرضی"))),"معتبر","بررسی یا شاهد ناقص"))) -> معتبر
R44: =IF(A44="","",IF(NOT(AND(COUNTIFS('03-ورودی‌های بازنگری'!$A$8:$A$1007,A44)=1,AND(COUNTIFS('17-جلسات و دوره‌ها'!$A$8:$A$1007,D44)=1,IFERROR(INDEX('17-جلسات و دوره‌ها'!$B$8:$B$1007,MATCH(D44,'17-جلسات و دوره‌ها'!$A$8:$A$1007,0)),"")=B44,IFERROR(INDEX('17-جلسات و دوره‌ها'!$C$8:$C$1007,MATCH(D44,'17-جلسات و دوره‌ها'!$A$8:$A$1007,0)),"")=C44))),"شناسه یا جلسه نامعتبر",IF(AND(M44="بررسی شد",J44<>"",O44<>"",P44<>"",Q44<>"",AND(COUNTIFS('14-مستندات و پیوست‌ها'!$A$8:$A$1007,L44)=1,IFERROR(INDEX('14-مستندات و پیوست‌ها'!$B$8:$B$1007,MATCH(L44,'14-مستندات و پیوست‌ها'!$A$8:$A$1007,0)),"")=B44,OR(IFERROR(INDEX('14-مستندات و پیوست‌ها'!$H$8:$H$1007,MATCH(L44,'14-مستندات و پیوست‌ها'!$A$8:$A$1007,0)),"")="دریافت شده",IFERROR(INDEX('14-مستندات و پیوست‌ها'!$H$8:$H$1007,MATCH(L44,'14-مستندات و پیوست‌ها'!$A$8:$A$1007,0)),"")="فرضی"))),"معتبر","بررسی یا شاهد ناقص")))
R45: =IF(A45="","",IF(NOT(AND(COUNTIFS('03-ورودی‌های بازنگری'!$A$8:$A$1007,A45)=1,AND(COUNTIFS('17-جلسات و دوره‌ها'!$A$8:$A$1007,D45)=1,IFERROR(INDEX('17-جلسات و دوره‌ها'!$B$8:$B$1007,MATCH(D45,'17-جلسات و دوره‌ها'!$A$8:$A$1007,0)),"")=B45,IFERROR(INDEX('17-جلسات و دوره‌ها'!$C$8:$C$1007,MATCH(D45,'17-جلسات و دوره‌ها'!$A$8:$A$1007,0)),"")=C45))),"شناسه یا جلسه نامعتبر",IF(AND(M45="بررسی شد",J45<>"",O45<>"",P45<>"",Q45<>"",AND(COUNTIFS('14-مستندات و پیوست‌ها'!$A$8:$A$1007,L45)=1,IFERROR(INDEX('14-مستندات و پیوست‌ها'!$B$8:$B$1007,MATCH(L45,'14-مستندات و پیوست‌ها'!$A$8:$A$1007,0)),"")=B45,OR(IFERROR(INDEX('14-مستندات و پیوست‌ها'!$H$8:$H$1007,MATCH(L45,'14-مستندات و پیوست‌ها'!$A$8:$A$1007,0)),"")="دریافت شده",IFERROR(INDEX('14-مستندات و پیوست‌ها'!$H$8:$H$1007,MATCH(L45,'14-مستندات و پیوست‌ها'!$A$8:$A$1007,0)),"")="فرضی"))),"معتبر","بررسی یا شاهد ناقص")))
R46: =IF(A46="","",IF(NOT(AND(COUNTIFS('03-ورودی‌های بازنگری'!$A$8:$A$1007,A46)=1,AND(COUNTIFS('17-جلسات و دوره‌ها'!$A$8:$A$1007,D46)=1,IFERROR(INDEX('17-جلسات و دوره‌ها'!$B$8:$B$1007,MATCH(D46,'17-جلسات و دوره‌ها'!$A$8:$A$1007,0)),"")=B46,IFERROR(INDEX('17-جلسات و دوره‌ها'!$C$8:$C$1007,MATCH(D46,'17-جلسات و دوره‌ها'!$A$8:$A$1007,0)),"")=C46))),"شناسه یا جلسه نامعتبر",IF(AND(M46="بررسی شد",J46<>"",O46<>"",P46<>"",Q46<>"",AND(COUNTIFS('14-مستندات و پیوست‌ها'!$A$8:$A$1007,L46)=1,IFERROR(INDEX('14-مستندات و پیوست‌ها'!$B$8:$B$1007,MATCH(L46,'14-مستندات و پیوست‌ها'!$A$8:$A$1007,0)),"")=B46,OR(IFERROR(INDEX('14-مستندات و پیوست‌ها'!$H$8:$H$1007,MATCH(L46,'14-مستندات و پیوست‌ها'!$A$8:$A$1007,0)),"")="دریافت شده",IFERROR(INDEX('14-مستندات و پیوست‌ها'!$H$8:$H$1007,MATCH(L46,'14-مستندات و پیوست‌ها'!$A$8:$A$1007,0)),"")="فرضی"))),"معتبر","بررسی یا شاهد ناقص")))
R47: =IF(A47="","",IF(NOT(AND(COUNTIFS('03-ورودی‌های بازنگری'!$A$8:$A$1007,A47)=1,AND(COUNTIFS('17-جلسات و دوره‌ها'!$A$8:$A$1007,D47)=1,IFERROR(INDEX('17-جلسات و دوره‌ها'!$B$8:$B$1007,MATCH(D47,'17-جلسات و دوره‌ها'!$A$8:$A$1007,0)),"")=B47,IFERROR(INDEX('17-جلسات و دوره‌ها'!$C$8:$C$1007,MATCH(D47,'17-جلسات و دوره‌ها'!$A$8:$A$1007,0)),"")=C47))),"شناسه یا جلسه نامعتبر",IF(AND(M47="بررسی شد",J47<>"",O47<>"",P47<>"",Q47<>"",AND(COUNTIFS('14-مستندات و پیوست‌ها'!$A$8:$A$1007,L47)=1,IFERROR(INDEX('14-مستندات و پیوست‌ها'!$B$8:$B$1007,MATCH(L47,'14-مستندات و پیوست‌ها'!$A$8:$A$1007,0)),"")=B47,OR(IFERROR(INDEX('14-مستندات و پیوست‌ها'!$H$8:$H$1007,MATCH(L47,'14-مستندات و پیوست‌ها'!$A$8:$A$1007,0)),"")="دریافت شده",IFERROR(INDEX('14-مستندات و پیوست‌ها'!$H$8:$H$1007,MATCH(L47,'14-مستندات و پیوست‌ها'!$A$8:$A$1007,0)),"")="فرضی"))),"معتبر","بررسی یا شاهد ناقص")))
R48: =IF(A48="","",IF(NOT(AND(COUNTIFS('03-ورودی‌های بازنگری'!$A$8:$A$1007,A48)=1,AND(COUNTIFS('17-جلسات و دوره‌ها'!$A$8:$A$1007,D48)=1,IFERROR(INDEX('17-جلسات و دوره‌ها'!$B$8:$B$1007,MATCH(D48,'17-جلسات و دوره‌ها'!$A$8:$A$1007,0)),"")=B48,IFERROR(INDEX('17-جلسات و دوره‌ها'!$C$8:$C$1007,MATCH(D48,'17-جلسات و دوره‌ها'!$A$8:$A$1007,0)),"")=C48))),"شناسه یا جلسه نامعتبر",IF(AND(M48="بررسی شد",J48<>"",O48<>"",P48<>"",Q48<>"",AND(COUNTIFS('14-مستندات و پیوست‌ها'!$A$8:$A$1007,L48)=1,IFERROR(INDEX('14-مستندات و پیوست‌ها'!$B$8:$B$1007,MATCH(L48,'14-مستندات و پیوست‌ها'!$A$8:$A$1007,0)),"")=B48,OR(IFERROR(INDEX('14-مستندات و پیوست‌ها'!$H$8:$H$1007,MATCH(L48,'14-مستندات و پیوست‌ها'!$A$8:$A$1007,0)),"")="دریافت شده",IFERROR(INDEX('14-مستندات و پیوست‌ها'!$H$8:$H$1007,MATCH(L48,'14-مستندات و پیوست‌ها'!$A$8:$A$1007,0)),"")="فرضی"))),"معتبر","بررسی یا شاهد ناقص")))
R49: =IF(A49="","",IF(NOT(AND(COUNTIFS('03-ورودی‌های بازنگری'!$A$8:$A$1007,A49)=1,AND(COUNTIFS('17-جلسات و دوره‌ها'!$A$8:$A$1007,D49)=1,IFERROR(INDEX('17-جلسات و دوره‌ها'!$B$8:$B$1007,MATCH(D49,'17-جلسات و دوره‌ها'!$A$8:$A$1007,0)),"")=B49,IFERROR(INDEX('17-جلسات و دوره‌ها'!$C$8:$C$1007,MATCH(D49,'17-جلسات و دوره‌ها'!$A$8:$A$1007,0)),"")=C49))),"شناسه یا جلسه نامعتبر",IF(AND(M49="بررسی شد",J49<>"",O49<>"",P49<>"",Q49<>"",AND(COUNTIFS('14-مستندات و پیوست‌ها'!$A$8:$A$1007,L49)=1,IFERROR(INDEX('14-مستندات و پیوست‌ها'!$B$8:$B$1007,MATCH(L49,'14-مستندات و پیوست‌ها'!$A$8:$A$1007,0)),"")=B49,OR(IFERROR(INDEX('14-مستندات و پیوست‌ها'!$H$8:$H$1007,MATCH(L49,'14-مستندات و پیوست‌ها'!$A$8:$A$1007,0)),"")="دریافت شده",IFERROR(INDEX('14-مستندات و پیوست‌ها'!$H$8:$H$1007,MATCH(L49,'14-مستندات و پیوست‌ها'!$A$8:$A$1007,0)),"")="فرضی"))),"معتبر","بررسی یا شاهد ناقص")))
R50: =IF(A50="","",IF(NOT(AND(COUNTIFS('03-ورودی‌های بازنگری'!$A$8:$A$1007,A50)=1,AND(COUNTIFS('17-جلسات و دوره‌ها'!$A$8:$A$1007,D50)=1,IFERROR(INDEX('17-جلسات و دوره‌ها'!$B$8:$B$1007,MATCH(D50,'17-جلسات و دوره‌ها'!$A$8:$A$1007,0)),"")=B50,IFERROR(INDEX('17-جلسات و دوره‌ها'!$C$8:$C$1007,MATCH(D50,'17-جلسات و دوره‌ها'!$A$8:$A$1007,0)),"")=C50))),"شناسه یا جلسه نامعتبر",IF(AND(M50="بررسی شد",J50<>"",O50<>"",P50<>"",Q50<>"",AND(COUNTIFS('14-مستندات و پیوست‌ها'!$A$8:$A$1007,L50)=1,IFERROR(INDEX('14-مستندات و پیوست‌ها'!$B$8:$B$1007,MATCH(L50,'14-مستندات و پیوست‌ها'!$A$8:$A$1007,0)),"")=B50,OR(IFERROR(INDEX('14-مستندات و پیوست‌ها'!$H$8:$H$1007,MATCH(L50,'14-مستندات و پیوست‌ها'!$A$8:$A$1007,0)),"")="دریافت شده",IFERROR(INDEX('14-مستندات و پیوست‌ها'!$H$8:$H$1007,MATCH(L50,'14-مستندات و پیوست‌ها'!$A$8:$A$1007,0)),"")="فرضی"))),"معتبر","بررسی یا شاهد ناقص")))
R51: =IF(A51="","",IF(NOT(AND(COUNTIFS('03-ورودی‌های بازنگری'!$A$8:$A$1007,A51)=1,AND(COUNTIFS('17-جلسات و دوره‌ها'!$A$8:$A$1007,D51)=1,IFERROR(INDEX('17-جلسات و دوره‌ها'!$B$8:$B$1007,MATCH(D51,'17-جلسات و دوره‌ها'!$A$8:$A$1007,0)),"")=B51,IFERROR(INDEX('17-جلسات و دوره‌ها'!$C$8:$C$1007,MATCH(D51,'17-جلسات و دوره‌ها'!$A$8:$A$1007,0)),"")=C51))),"شناسه یا جلسه نامعتبر",IF(AND(M51="بررسی شد",J51<>"",O51<>"",P51<>"",Q51<>"",AND(COUNTIFS('14-مستندات و پیوست‌ها'!$A$8:$A$1007,L51)=1,IFERROR(INDEX('14-مستندات و پیوست‌ها'!$B$8:$B$1007,MATCH(L51,'14-مستندات و پیوست‌ها'!$A$8:$A$1007,0)),"")=B51,OR(IFERROR(INDEX('14-مستندات و پیوست‌ها'!$H$8:$H$1007,MATCH(L51,'14-مستندات و پیوست‌ها'!$A$8:$A$1007,0)),"")="دریافت شده",IFERROR(INDEX('14-مستندات و پیوست‌ها'!$H$8:$H$1007,MATCH(L51,'14-مستندات و پیوست‌ها'!$A$8:$A$1007,0)),"")="فرضی"))),"معتبر","بررسی یا شاهد ناقص")))

Sheet 04-تحلیل شاخص‌ها
A1: تحلیل شاخص‌ها و کنترل هدف مشتری
A2: هدف مشتری فقط پس از تأیید منشأ هدف و داده فعال می‌شود؛ هدف داخلی به‌طور خودکار هدف تعیین‌شده مشتری فرض نمی‌شود. صفر معتبر از داده مفقود جداست.
A7: شناسه شاخص | B7: شرکت | C7: دوره | D7: جلسه | E7: نوع داده | F7: شناسه ورودی | G7: فرآیند | H7: سیستم | I7: نام شاخص | J7: واحد | K7: جهت مطلوب | L7: هدف مصوب | M7: دوره قبل | N7: واقعی | O7: منشأ هدف | P7: مرجع داده و هدف | Q7: اعتبار داده | R7: انحراف از هدف | S7: تغییر نسبت قبل | T7: تحقق هدف | U7: برنامه مرتبط معتبر | V7: هشدار اجرایی | W7: تحلیل مالک
A8: KP-K01 | B8: NIPCO | C8: P-BASE | D8: MR-NIPCO-BASE | E8: واقعی؛ نیازمند تأیید | F8: IN-R27 | G8: HSE | H8: HSE | I8: ضریب تکرار حادثه | J8: مطابق منبع؛ تأیید شود | K8: تأیید نشده | L8: 30 | M8: 43 | N8: 35 | O8: تأیید نشده | P8: فایل پایش دریافت نشده؛ تطبیق با فایل پایش لازم است | Q8: نیازمند تطبیق | R8: =IF(A8="","",IF(AND(ISNUMBER(N8),ISNUMBER(L8)),N8-L8,"")) -> 5 | S8: =IF(A8="","",IF(AND(ISNUMBER(N8),ISNUMBER(M8)),N8-M8,"")) -> -8 | T8: =IF(A8="","",IF(NOT(AND(COUNTIFS('04-تحلیل شاخص‌ها'!$A$8:$A$1007,A8)=1,AND(COUNTIFS('17-جلسات و دوره‌ها'!$A$8:$A$1007,D8)=1,IFERROR(INDEX('17-جلسات و دوره‌ها'!$B$8:$B$1007,MATCH(D8,'17-جلسات و دوره‌ها'!$A$8:$A$1007,0)),"")=B8,IFERROR(INDEX('17-جلسات و دوره‌ها'!$C$8:$C$1007,MATCH(D8,'17-جلسات و دوره‌ها'!$A$8:$A$1007,0)),"")=C8),COUNTIFS('03-ورودی‌های بازنگری'!$A$8:$A$1007,F8)=1,IFERROR(INDEX('03-ورودی‌های بازنگری'!$D$8:$D$1007,MATCH(F8,'03-ورودی‌های بازنگری'!$A$8:$A$1007,0)),"")=D8)),"رابطه نامعتبر",IF(OR(Q8<>"تأیید شده",NOT(ISNUMBER(L8)),NOT(ISNUMBER(N8)),K8="تأیید نشده",P8=""),"نیازمند تأیید داده و هدف",IF(OR(AND(K8="کمتر بهتر",N8<=L8),AND(K8="بیشتر بهتر",N8>=L8),AND(K8="برابر هدف",N8=L8)),"محقق","محقق نشده")))) -> نیازمند تأیید داده و هدف | U8: =IF(A8="","",COUNTIFS('15-روابط'!$C$8:$C$1007,"ورودی",'15-روابط'!$D$8:$D$1007,F8,'15-روابط'!$E$8:$E$1007,"برنامه مصوب معتبر")) -> 0 | V8: =IF(A8="","",IF(T8<>"محقق نشده",T8,IF(O8="مشتری",IF(U8=0,"IATF: هدف مشتری؛ برنامه مصوب ندارد","برنامه مشتری ثبت شده؛ پایش اجرا لازم"),IF(O8="محیط‌زیستی",IF(U8=0,"هدف محیط‌زیستی؛ تعیین اقدام لازم","اقدام محیط‌زیستی ثبت شده"),"عدم تحقق؛ بررسی مدیریت لازم")))) -> نیازمند تأیید داده و هدف | W8: پیش از تصمیم، تعریف و دوره تأیید شود.
A9: KP-K02 | B9: NIPCO | C9: P-BASE | D9: MR-NIPCO-BASE | E9: واقعی؛ نیازمند تأیید | F9: IN-R27 | G9: HSE | H9: HSE | I9: ضریب شدت حادثه | J9: مطابق منبع؛ تأیید شود | K9: تأیید نشده | L9: 0.04 | M9: 0.07 | N9: 0.07 | O9: تأیید نشده | P9: فایل پایش دریافت نشده؛ تطبیق با فایل پایش لازم است | Q9: نیازمند تطبیق | R9: =IF(A9="","",IF(AND(ISNUMBER(N9),ISNUMBER(L9)),N9-L9,"")) -> 0.03 | S9: =IF(A9="","",IF(AND(ISNUMBER(N9),ISNUMBER(M9)),N9-M9,"")) -> 0 | T9: =IF(A9="","",IF(NOT(AND(COUNTIFS('04-تحلیل شاخص‌ها'!$A$8:$A$1007,A9)=1,AND(COUNTIFS('17-جلسات و دوره‌ها'!$A$8:$A$1007,D9)=1,IFERROR(INDEX('17-جلسات و دوره‌ها'!$B$8:$B$1007,MATCH(D9,'17-جلسات و دوره‌ها'!$A$8:$A$1007,0)),"")=B9,IFERROR(INDEX('17-جلسات و دوره‌ها'!$C$8:$C$1007,MATCH(D9,'17-جلسات و دوره‌ها'!$A$8:$A$1007,0)),"")=C9),COUNTIFS('03-ورودی‌های بازنگری'!$A$8:$A$1007,F9)=1,IFERROR(INDEX('03-ورودی‌های بازنگری'!$D$8:$D$1007,MATCH(F9,'03-ورودی‌های بازنگری'!$A$8:$A$1007,0)),"")=D9)),"رابطه نامعتبر",IF(OR(Q9<>"تأیید شده",NOT(ISNUMBER(L9)),NOT(ISNUMBER(N9)),K9="تأیید نشده",P9=""),"نیازمند تأیید داده و هدف",IF(OR(AND(K9="کمتر بهتر",N9<=L9),AND(K9="بیشتر بهتر",N9>=L9),AND(K9="برابر هدف",N9=L9)),"محقق","محقق نشده")))) -> نیازمند تأیید داده و هدف | U9: =IF(A9="","",COUNTIFS('15-روابط'!$C$8:$C$1007,"ورودی",'15-روابط'!$D$8:$D$1007,F9,'15-روابط'!$E$8:$E$1007,"برنامه مصوب معتبر")) -> 0 | V9: =IF(A9="","",IF(T9<>"محقق نشده",T9,IF(O9="مشتری",IF(U9=0,"IATF: هدف مشتری؛ برنامه مصوب ندارد","برنامه مشتری ثبت شده؛ پایش اجرا لازم"),IF(O9="محیط‌زیستی",IF(U9=0,"هدف محیط‌زیستی؛ تعیین اقدام لازم","اقدام محیط‌زیستی ثبت شده"),"عدم تحقق؛ بررسی مدیریت لازم")))) -> نیازمند تأیید داده و هدف | W9: پیش از تصمیم، تعریف و دوره تأیید شود.
A10: KP-K03 | B10: NIPCO | C10: P-BASE | D10: MR-NIPCO-BASE | E10: واقعی؛ نیازمند تأیید | F10: IN-R27 | G10: HSE | H10: HSE | I10: درصد انطباق کل ایمنی و بهداشت با الزامات | J10: مطابق منبع؛ تأیید شود | K10: تأیید نشده | L10: 95 | M10: 83 | N10: 83 | O10: تأیید نشده | P10: فایل پایش دریافت نشده؛ با حدود ۵۰٪ گزارش 5S؛ دامنه‌ها روشن شود | Q10: نیازمند تطبیق | R10: =IF(A10="","",IF(AND(ISNUMBER(N10),ISNUMBER(L10)),N10-L10,"")) -> -12 | S10: =IF(A10="","",IF(AND(ISNUMBER(N10),ISNUMBER(M10)),N10-M10,"")) -> 0 | T10: =IF(A10="","",IF(NOT(AND(COUNTIFS('04-تحلیل شاخص‌ها'!$A$8:$A$1007,A10)=1,AND(COUNTIFS('17-جلسات و دوره‌ها'!$A$8:$A$1007,D10)=1,IFERROR(INDEX('17-جلسات و دوره‌ها'!$B$8:$B$1007,MATCH(D10,'17-جلسات و دوره‌ها'!$A$8:$A$1007,0)),"")=B10,IFERROR(INDEX('17-جلسات و دوره‌ها'!$C$8:$C$1007,MATCH(D10,'17-جلسات و دوره‌ها'!$A$8:$A$1007,0)),"")=C10),COUNTIFS('03-ورودی‌های بازنگری'!$A$8:$A$1007,F10)=1,IFERROR(INDEX('03-ورودی‌های بازنگری'!$D$8:$D$1007,MATCH(F10,'03-ورودی‌های بازنگری'!$A$8:$A$1007,0)),"")=D10)),"رابطه نامعتبر",IF(OR(Q10<>"تأیید شده",NOT(ISNUMBER(L10)),NOT(ISNUMBER(N10)),K10="تأیید نشده",P10=""),"نیازمند تأیید داده و هدف",IF(OR(AND(K10="کمتر بهتر",N10<=L10),AND(K10="بیشتر بهتر",N10>=L10),AND(K10="برابر هدف",N10=L10)),"محقق","محقق نشده")))) -> نیازمند تأیید داده و هدف | U10: =IF(A10="","",COUNTIFS('15-روابط'!$C$8:$C$1007,"ورودی",'15-روابط'!$D$8:$D$1007,F10,'15-روابط'!$E$8:$E$1007,"برنامه مصوب معتبر")) -> 0 | V10: =IF(A10="","",IF(T10<>"محقق نشده",T10,IF(O10="مشتری",IF(U10=0,"IATF: هدف مشتری؛ برنامه مصوب ندارد","برنامه مشتری ثبت شده؛ پایش اجرا لازم"),IF(O10="محیط‌زیستی",IF(U10=0,"هدف محیط‌زیستی؛ تعیین اقدام لازم","اقدام محیط‌زیستی ثبت شده"),"عدم تحقق؛ بررسی مدیریت لازم")))) -> نیازمند تأیید داده و هدف | W10: پیش از تصمیم، تعریف و دوره تأیید شود.
A11: KP-K04 | B11: NIPCO | C11: P-BASE | D11: MR-NIPCO-BASE | E11: واقعی؛ نیازمند تأیید | F11: IN-R27 | G11: HSE | H11: HSE | I11: درصد انطباق کل زیست محیطی با الزامات | J11: مطابق منبع؛ تأیید شود | K11: تأیید نشده | L11: 90 | M11: 83 | N11: 86 | O11: تأیید نشده | P11: فایل پایش دریافت نشده؛ با حدود ۵۰٪ گزارش 5S؛ دامنه‌ها روشن شود | Q11: نیازمند تطبیق | R11: =IF(A11="","",IF(AND(ISNUMBER(N11),ISNUMBER(L11)),N11-L11,"")) -> -4 | S11: =IF(A11="","",IF(AND(ISNUMBER(N11),ISNUMBER(M11)),N11-M11,"")) -> 3 | T11: =IF(A11="","",IF(NOT(AND(COUNTIFS('04-تحلیل شاخص‌ها'!$A$8:$A$1007,A11)=1,AND(COUNTIFS('17-جلسات و دوره‌ها'!$A$8:$A$1007,D11)=1,IFERROR(INDEX('17-جلسات و دوره‌ها'!$B$8:$B$1007,MATCH(D11,'17-جلسات و دوره‌ها'!$A$8:$A$1007,0)),"")=B11,IFERROR(INDEX('17-جلسات و دوره‌ها'!$C$8:$C$1007,MATCH(D11,'17-جلسات و دوره‌ها'!$A$8:$A$1007,0)),"")=C11),COUNTIFS('03-ورودی‌های بازنگری'!$A$8:$A$1007,F11)=1,IFERROR(INDEX('03-ورودی‌های بازنگری'!$D$8:$D$1007,MATCH(F11,'03-ورودی‌های بازنگری'!$A$8:$A$1007,0)),"")=D11)),"رابطه نامعتبر",IF(OR(Q11<>"تأیید شده",NOT(ISNUMBER(L11)),NOT(ISNUMBER(N11)),K11="تأیید نشده",P11=""),"نیازمند تأیید داده و هدف",IF(OR(AND(K11="کمتر بهتر",N11<=L11),AND(K11="بیشتر بهتر",N11>=L11),AND(K11="برابر هدف",N11=L11)),"محقق","محقق نشده")))) -> نیازمند تأیید داده و هدف | U11: =IF(A11="","",COUNTIFS('15-روابط'!$C$8:$C$1007,"ورودی",'15-روابط'!$D$8:$D$1007,F11,'15-روابط'!$E$8:$E$1007,"برنامه مصوب معتبر")) -> 0 | V11: =IF(A11="","",IF(T11<>"محقق نشده",T11,IF(O11="مشتری",IF(U11=0,"IATF: هدف مشتری؛ برنامه مصوب ندارد","برنامه مشتری ثبت شده؛ پایش اجرا لازم"),IF(O11="محیط‌زیستی",IF(U11=0,"هدف محیط‌زیستی؛ تعیین اقدام لازم","اقدام محیط‌زیستی ثبت شده"),"عدم تحقق؛ بررسی مدیریت لازم")))) -> نیازمند تأیید داده و هدف | W11: پیش از تصمیم، تعریف و دوره تأیید شود.
A12: KP-K05 | B12: NIPCO | C12: P-BASE | D12: MR-NIPCO-BASE | E12: واقعی؛ نیازمند تأیید | F12: IN-R27 | G12: HSE | H12: HSE | I12: میانگین درصد مشارکت و مشاوره کارکنان (واحدها) | J12: مطابق منبع؛ تأیید شود | K12: تأیید نشده | L12: 80 | M12: 71 | N12: 83 | O12: تأیید نشده | P12: فایل پایش دریافت نشده؛ تطبیق با فایل پایش لازم است | Q12: نیازمند تطبیق | R12: =IF(A12="","",IF(AND(ISNUMBER(N12),ISNUMBER(L12)),N12-L12,"")) -> 3 | S12: =IF(A12="","",IF(AND(ISNUMBER(N12),ISNUMBER(M12)),N12-M12,"")) -> 12 | T12: =IF(A12="","",IF(NOT(AND(COUNTIFS('04-تحلیل شاخص‌ها'!$A$8:$A$1007,A12)=1,AND(COUNTIFS('17-جلسات و دوره‌ها'!$A$8:$A$1007,D12)=1,IFERROR(INDEX('17-جلسات و دوره‌ها'!$B$8:$B$1007,MATCH(D12,'17-جلسات و دوره‌ها'!$A$8:$A$1007,0)),"")=B12,IFERROR(INDEX('17-جلسات و دوره‌ها'!$C$8:$C$1007,MATCH(D12,'17-جلسات و دوره‌ها'!$A$8:$A$1007,0)),"")=C12),COUNTIFS('03-ورودی‌های بازنگری'!$A$8:$A$1007,F12)=1,IFERROR(INDEX('03-ورودی‌های بازنگری'!$D$8:$D$1007,MATCH(F12,'03-ورودی‌های بازنگری'!$A$8:$A$1007,0)),"")=D12)),"رابطه نامعتبر",IF(OR(Q12<>"تأیید شده",NOT(ISNUMBER(L12)),NOT(ISNUMBER(N12)),K12="تأیید نشده",P12=""),"نیازمند تأیید داده و هدف",IF(OR(AND(K12="کمتر بهتر",N12<=L12),AND(K12="بیشتر بهتر",N12>=L12),AND(K12="برابر هدف",N12=L12)),"محقق","محقق نشده")))) -> نیازمند تأیید داده و هدف | U12: =IF(A12="","",COUNTIFS('15-روابط'!$C$8:$C$1007,"ورودی",'15-روابط'!$D$8:$D$1007,F12,'15-روابط'!$E$8:$E$1007,"برنامه مصوب معتبر")) -> 0 | V12: =IF(A12="","",IF(T12<>"محقق نشده",T12,IF(O12="مشتری",IF(U12=0,"IATF: هدف مشتری؛ برنامه مصوب ندارد","برنامه مشتری ثبت شده؛ پایش اجرا لازم"),IF(O12="محیط‌زیستی",IF(U12=0,"هدف محیط‌زیستی؛ تعیین اقدام لازم","اقدام محیط‌زیستی ثبت شده"),"عدم تحقق؛ بررسی مدیریت لازم")))) -> نیازمند تأیید داده و هدف | W12: پیش از تصمیم، تعریف و دوره تأیید شود.
A13: KP-K06 | B13: NIPCO | C13: P-BASE | D13: MR-NIPCO-BASE | E13: واقعی؛ نیازمند تأیید | F13: IN-R27 | G13: HSE | H13: HSE | I13: درصد انطباق اندازه گیری آلاینده های محیط کار | J13: مطابق منبع؛ تأیید شود | K13: تأیید نشده | L13: 95 | M13: 91.45 | N13: 95.73 | O13: تأیید نشده | P13: فایل پایش دریافت نشده؛ تطبیق با فایل پایش لازم است | Q13: نیازمند تطبیق | R13: =IF(A13="","",IF(AND(ISNUMBER(N13),ISNUMBER(L13)),N13-L13,"")) -> 0.73 | S13: =IF(A13="","",IF(AND(ISNUMBER(N13),ISNUMBER(M13)),N13-M13,"")) -> 4.28 | T13: =IF(A13="","",IF(NOT(AND(COUNTIFS('04-تحلیل شاخص‌ها'!$A$8:$A$1007,A13)=1,AND(COUNTIFS('17-جلسات و دوره‌ها'!$A$8:$A$1007,D13)=1,IFERROR(INDEX('17-جلسات و دوره‌ها'!$B$8:$B$1007,MATCH(D13,'17-جلسات و دوره‌ها'!$A$8:$A$1007,0)),"")=B13,IFERROR(INDEX('17-جلسات و دوره‌ها'!$C$8:$C$1007,MATCH(D13,'17-جلسات و دوره‌ها'!$A$8:$A$1007,0)),"")=C13),COUNTIFS('03-ورودی‌های بازنگری'!$A$8:$A$1007,F13)=1,IFERROR(INDEX('03-ورودی‌های بازنگری'!$D$8:$D$1007,MATCH(F13,'03-ورودی‌های بازنگری'!$A$8:$A$1007,0)),"")=D13)),"رابطه نامعتبر",IF(OR(Q13<>"تأیید شده",NOT(ISNUMBER(L13)),NOT(ISNUMBER(N13)),K13="تأیید نشده",P13=""),"نیازمند تأیید داده و هدف",IF(OR(AND(K13="کمتر بهتر",N13<=L13),AND(K13="بیشتر بهتر",N13>=L13),AND(K13="برابر هدف",N13=L13)),"محقق","محقق نشده")))) -> نیازمند تأیید داده و هدف | U13: =IF(A13="","",COUNTIFS('15-روابط'!$C$8:$C$1007,"ورودی",'15-روابط'!$D$8:$D$1007,F13,'15-روابط'!$E$8:$E$1007,"برنامه مصوب معتبر")) -> 0 | V13: =IF(A13="","",IF(T13<>"محقق نشده",T13,IF(O13="مشتری",IF(U13=0,"IATF: هدف مشتری؛ برنامه مصوب ندارد","برنامه مشتری ثبت شده؛ پایش اجرا لازم"),IF(O13="محیط‌زیستی",IF(U13=0,"هدف محیط‌زیستی؛ تعیین اقدام لازم","اقدام محیط‌زیستی ثبت شده"),"عدم تحقق؛ بررسی مدیریت لازم")))) -> نیازمند تأیید داده و هدف | W13: پیش از تصمیم، تعریف و دوره تأیید شود.
A14: KP-K07 | B14: NIPCO | C14: P-BASE | D14: MR-NIPCO-BASE | E14: واقعی؛ نیازمند تأیید | F14: IN-R27 | G14: HSE | H14: HSE | I14: درصد انطباق اندازه گیری زیست محیطی | J14: مطابق منبع؛ تأیید شود | K14: تأیید نشده | L14: 90 | M14: 76 | N14: 96.2 | O14: تأیید نشده | P14: فایل پایش دریافت نشده؛ تطبیق با فایل پایش لازم است | Q14: نیازمند تطبیق | R14: =IF(A14="","",IF(AND(ISNUMBER(N14),ISNUMBER(L14)),N14-L14,"")) -> 6.2 | S14: =IF(A14="","",IF(AND(ISNUMBER(N14),ISNUMBER(M14)),N14-M14,"")) -> 20.2 | T14: =IF(A14="","",IF(NOT(AND(COUNTIFS('04-تحلیل شاخص‌ها'!$A$8:$A$1007,A14)=1,AND(COUNTIFS('17-جلسات و دوره‌ها'!$A$8:$A$1007,D14)=1,IFERROR(INDEX('17-جلسات و دوره‌ها'!$B$8:$B$1007,MATCH(D14,'17-جلسات و دوره‌ها'!$A$8:$A$1007,0)),"")=B14,IFERROR(INDEX('17-جلسات و دوره‌ها'!$C$8:$C$1007,MATCH(D14,'17-جلسات و دوره‌ها'!$A$8:$A$1007,0)),"")=C14),COUNTIFS('03-ورودی‌های بازنگری'!$A$8:$A$1007,F14)=1,IFERROR(INDEX('03-ورودی‌های بازنگری'!$D$8:$D$1007,MATCH(F14,'03-ورودی‌های بازنگری'!$A$8:$A$1007,0)),"")=D14)),"رابطه نامعتبر",IF(OR(Q14<>"تأیید شده",NOT(ISNUMBER(L14)),NOT(ISNUMBER(N14)),K14="تأیید نشده",P14=""),"نیازمند تأیید داده و هدف",IF(OR(AND(K14="کمتر بهتر",N14<=L14),AND(K14="بیشتر بهتر",N14>=L14),AND(K14="برابر هدف",N14=L14)),"محقق","محقق نشده")))) -> نیازمند تأیید داده و هدف | U14: =IF(A14="","",COUNTIFS('15-روابط'!$C$8:$C$1007,"ورودی",'15-روابط'!$D$8:$D$1007,F14,'15-روابط'!$E$8:$E$1007,"برنامه مصوب معتبر")) -> 0 | V14: =IF(A14="","",IF(T14<>"محقق نشده",T14,IF(O14="مشتری",IF(U14=0,"IATF: هدف مشتری؛ برنامه مصوب ندارد","برنامه مشتری ثبت شده؛ پایش اجرا لازم"),IF(O14="محیط‌زیستی",IF(U14=0,"هدف محیط‌زیستی؛ تعیین اقدام لازم","اقدام محیط‌زیستی ثبت شده"),"عدم تحقق؛ بررسی مدیریت لازم")))) -> نیازمند تأیید داده و هدف | W14: پیش از تصمیم، تعریف و دوره تأیید شود.
A15: KP-K08 | B15: NIPCO | C15: P-BASE | D15: MR-NIPCO-BASE | E15: واقعی؛ نیازمند تأیید | F15: IN-R27 | G15: HSE | H15: HSE | I15: درصد انطباق با قوانین ایمنی | J15: مطابق منبع؛ تأیید شود | K15: تأیید نشده | L15: 95 | M15: 90 | N15: 90 | O15: تأیید نشده | P15: فایل پایش دریافت نشده؛ تطبیق با فایل پایش لازم است | Q15: نیازمند تطبیق | R15: =IF(A15="","",IF(AND(ISNUMBER(N15),ISNUMBER(L15)),N15-L15,"")) -> -5 | S15: =IF(A15="","",IF(AND(ISNUMBER(N15),ISNUMBER(M15)),N15-M15,"")) -> 0 | T15: =IF(A15="","",IF(NOT(AND(COUNTIFS('04-تحلیل شاخص‌ها'!$A$8:$A$1007,A15)=1,AND(COUNTIFS('17-جلسات و دوره‌ها'!$A$8:$A$1007,D15)=1,IFERROR(INDEX('17-جلسات و دوره‌ها'!$B$8:$B$1007,MATCH(D15,'17-جلسات و دوره‌ها'!$A$8:$A$1007,0)),"")=B15,IFERROR(INDEX('17-جلسات و دوره‌ها'!$C$8:$C$1007,MATCH(D15,'17-جلسات و دوره‌ها'!$A$8:$A$1007,0)),"")=C15),COUNTIFS('03-ورودی‌های بازنگری'!$A$8:$A$1007,F15)=1,IFERROR(INDEX('03-ورودی‌های بازنگری'!$D$8:$D$1007,MATCH(F15,'03-ورودی‌های بازنگری'!$A$8:$A$1007,0)),"")=D15)),"رابطه نامعتبر",IF(OR(Q15<>"تأیید شده",NOT(ISNUMBER(L15)),NOT(ISNUMBER(N15)),K15="تأیید نشده",P15=""),"نیازمند تأیید داده و هدف",IF(OR(AND(K15="کمتر بهتر",N15<=L15),AND(K15="بیشتر بهتر",N15>=L15),AND(K15="برابر هدف",N15=L15)),"محقق","محقق نشده")))) -> نیازمند تأیید داده و هدف | U15: =IF(A15="","",COUNTIFS('15-روابط'!$C$8:$C$1007,"ورودی",'15-روابط'!$D$8:$D$1007,F15,'15-روابط'!$E$8:$E$1007,"برنامه مصوب معتبر")) -> 0 | V15: =IF(A15="","",IF(T15<>"محقق نشده",T15,IF(O15="مشتری",IF(U15=0,"IATF: هدف مشتری؛ برنامه مصوب ندارد","برنامه مشتری ثبت شده؛ پایش اجرا لازم"),IF(O15="محیط‌زیستی",IF(U15=0,"هدف محیط‌زیستی؛ تعیین اقدام لازم","اقدام محیط‌زیستی ثبت شده"),"عدم تحقق؛ بررسی مدیریت لازم")))) -> نیازمند تأیید داده و هدف | W15: پیش از تصمیم، تعریف و دوره تأیید شود.
A16: KP-K09 | B16: NIPCO | C16: P-BASE | D16: MR-NIPCO-BASE | E16: واقعی؛ نیازمند تأیید | F16: IN-R27 | G16: HSE | H16: HSE | I16: درصد انطباق با قوانین زیست محیطی | J16: مطابق منبع؛ تأیید شود | K16: تأیید نشده | L16: 90 | M16: 80 | N16: 80 | O16: تأیید نشده | P16: فایل پایش دریافت نشده؛ تطبیق با فایل پایش لازم است | Q16: نیازمند تطبیق | R16: =IF(A16="","",IF(AND(ISNUMBER(N16),ISNUMBER(L16)),N16-L16,"")) -> -10 | S16: =IF(A16="","",IF(AND(ISNUMBER(N16),ISNUMBER(M16)),N16-M16,"")) -> 0 | T16: =IF(A16="","",IF(NOT(AND(COUNTIFS('04-تحلیل شاخص‌ها'!$A$8:$A$1007,A16)=1,AND(COUNTIFS('17-جلسات و دوره‌ها'!$A$8:$A$1007,D16)=1,IFERROR(INDEX('17-جلسات و دوره‌ها'!$B$8:$B$1007,MATCH(D16,'17-جلسات و دوره‌ها'!$A$8:$A$1007,0)),"")=B16,IFERROR(INDEX('17-جلسات و دوره‌ها'!$C$8:$C$1007,MATCH(D16,'17-جلسات و دوره‌ها'!$A$8:$A$1007,0)),"")=C16),COUNTIFS('03-ورودی‌های بازنگری'!$A$8:$A$1007,F16)=1,IFERROR(INDEX('03-ورودی‌های بازنگری'!$D$8:$D$1007,MATCH(F16,'03-ورودی‌های بازنگری'!$A$8:$A$1007,0)),"")=D16)),"رابطه نامعتبر",IF(OR(Q16<>"تأیید شده",NOT(ISNUMBER(L16)),NOT(ISNUMBER(N16)),K16="تأیید نشده",P16=""),"نیازمند تأیید داده و هدف",IF(OR(AND(K16="کمتر بهتر",N16<=L16),AND(K16="بیشتر بهتر",N16>=L16),AND(K16="برابر هدف",N16=L16)),"محقق","محقق نشده")))) -> نیازمند تأیید داده و هدف | U16: =IF(A16="","",COUNTIFS('15-روابط'!$C$8:$C$1007,"ورودی",'15-روابط'!$D$8:$D$1007,F16,'15-روابط'!$E$8:$E$1007,"برنامه مصوب معتبر")) -> 0 | V16: =IF(A16="","",IF(T16<>"محقق نشده",T16,IF(O16="مشتری",IF(U16=0,"IATF: هدف مشتری؛ برنامه مصوب ندارد","برنامه مشتری ثبت شده؛ پایش اجرا لازم"),IF(O16="محیط‌زیستی",IF(U16=0,"هدف محیط‌زیستی؛ تعیین اقدام لازم","اقدام محیط‌زیستی ثبت شده"),"عدم تحقق؛ بررسی مدیریت لازم")))) -> نیازمند تأیید داده و هدف | W16: پیش از تصمیم، تعریف و دوره تأیید شود.
A17: KP-K10 | B17: NIPCO | C17: P-BASE | D17: MR-NIPCO-BASE | E17: واقعی؛ نیازمند تأیید | F17: IN-R27 | G17: HSE | H17: HSE | I17: درصد انطباق با اجرای برنامه ی مانور | J17: مطابق منبع؛ تأیید شود | K17: تأیید نشده | L17: 90 | M17: 83 | N17: 83 | O17: تأیید نشده | P17: فایل پایش دریافت نشده؛ تطبیق با فایل پایش لازم است | Q17: نیازمند تطبیق | R17: =IF(A17="","",IF(AND(ISNUMBER(N17),ISNUMBER(L17)),N17-L17,"")) -> -7 | S17: =IF(A17="","",IF(AND(ISNUMBER(N17),ISNUMBER(M17)),N17-M17,"")) -> 0 | T17: =IF(A17="","",IF(NOT(AND(COUNTIFS('04-تحلیل شاخص‌ها'!$A$8:$A$1007,A17)=1,AND(COUNTIFS('17-جلسات و دوره‌ها'!$A$8:$A$1007,D17)=1,IFERROR(INDEX('17-جلسات و دوره‌ها'!$B$8:$B$1007,MATCH(D17,'17-جلسات و دوره‌ها'!$A$8:$A$1007,0)),"")=B17,IFERROR(INDEX('17-جلسات و دوره‌ها'!$C$8:$C$1007,MATCH(D17,'17-جلسات و دوره‌ها'!$A$8:$A$1007,0)),"")=C17),COUNTIFS('03-ورودی‌های بازنگری'!$A$8:$A$1007,F17)=1,IFERROR(INDEX('03-ورودی‌های بازنگری'!$D$8:$D$1007,MATCH(F17,'03-ورودی‌های بازنگری'!$A$8:$A$1007,0)),"")=D17)),"رابطه نامعتبر",IF(OR(Q17<>"تأیید شده",NOT(ISNUMBER(L17)),NOT(ISNUMBER(N17)),K17="تأیید نشده",P17=""),"نیازمند تأیید داده و هدف",IF(OR(AND(K17="کمتر بهتر",N17<=L17),AND(K17="بیشتر بهتر",N17>=L17),AND(K17="برابر هدف",N17=L17)),"محقق","محقق نشده")))) -> نیازمند تأیید داده و هدف | U17: =IF(A17="","",COUNTIFS('15-روابط'!$C$8:$C$1007,"ورودی",'15-روابط'!$D$8:$D$1007,F17,'15-روابط'!$E$8:$E$1007,"برنامه مصوب معتبر")) -> 0 | V17: =IF(A17="","",IF(T17<>"محقق نشده",T17,IF(O17="مشتری",IF(U17=0,"IATF: هدف مشتری؛ برنامه مصوب ندارد","برنامه مشتری ثبت شده؛ پایش اجرا لازم"),IF(O17="محیط‌زیستی",IF(U17=0,"هدف محیط‌زیستی؛ تعیین اقدام لازم","اقدام محیط‌زیستی ثبت شده"),"عدم تحقق؛ بررسی مدیریت لازم")))) -> نیازمند تأیید داده و هدف | W17: پیش از تصمیم، تعریف و دوره تأیید شود.
A18: KP-K11 | B18: NIPCO | C18: P-BASE | D18: MR-NIPCO-BASE | E18: واقعی؛ نیازمند تأیید | F18: IN-R27 | G18: HSE | H18: HSE | I18: درصد سلامت | J18: مطابق منبع؛ تأیید شود | K18: تأیید نشده | L18: 90 | M18: 82.1 | N18: 84.6 | O18: تأیید نشده | P18: فایل پایش دریافت نشده؛ درصدها از قالب 0.00% به مقیاس ۰ تا ۱۰۰ تبدیل شده‌اند | Q18: نیازمند تطبیق | R18: =IF(A18="","",IF(AND(ISNUMBER(N18),ISNUMBER(L18)),N18-L18,"")) -> -5.4 | S18: =IF(A18="","",IF(AND(ISNUMBER(N18),ISNUMBER(M18)),N18-M18,"")) -> 2.5 | T18: =IF(A18="","",IF(NOT(AND(COUNTIFS('04-تحلیل شاخص‌ها'!$A$8:$A$1007,A18)=1,AND(COUNTIFS('17-جلسات و دوره‌ها'!$A$8:$A$1007,D18)=1,IFERROR(INDEX('17-جلسات و دوره‌ها'!$B$8:$B$1007,MATCH(D18,'17-جلسات و دوره‌ها'!$A$8:$A$1007,0)),"")=B18,IFERROR(INDEX('17-جلسات و دوره‌ها'!$C$8:$C$1007,MATCH(D18,'17-جلسات و دوره‌ها'!$A$8:$A$1007,0)),"")=C18),COUNTIFS('03-ورودی‌های بازنگری'!$A$8:$A$1007,F18)=1,IFERROR(INDEX('03-ورودی‌های بازنگری'!$D$8:$D$1007,MATCH(F18,'03-ورودی‌های بازنگری'!$A$8:$A$1007,0)),"")=D18)),"رابطه نامعتبر",IF(OR(Q18<>"تأیید شده",NOT(ISNUMBER(L18)),NOT(ISNUMBER(N18)),K18="تأیید نشده",P18=""),"نیازمند تأیید داده و هدف",IF(OR(AND(K18="کمتر بهتر",N18<=L18),AND(K18="بیشتر بهتر",N18>=L18),AND(K18="برابر هدف",N18=L18)),"محقق","محقق نشده")))) -> نیازمند تأیید داده و هدف | U18: =IF(A18="","",COUNTIFS('15-روابط'!$C$8:$C$1007,"ورودی",'15-روابط'!$D$8:$D$1007,F18,'15-روابط'!$E$8:$E$1007,"برنامه مصوب معتبر")) -> 0 | V18: =IF(A18="","",IF(T18<>"محقق نشده",T18,IF(O18="مشتری",IF(U18=0,"IATF: هدف مشتری؛ برنامه مصوب ندارد","برنامه مشتری ثبت شده؛ پایش اجرا لازم"),IF(O18="محیط‌زیستی",IF(U18=0,"هدف محیط‌زیستی؛ تعیین اقدام لازم","اقدام محیط‌زیستی ثبت شده"),"عدم تحقق؛ بررسی مدیریت لازم")))) -> نیازمند تأیید داده و هدف | W18: پیش از تصمیم، تعریف و دوره تأیید شود.
A19: KP-K12 | B19: NIPCO | C19: P-BASE | D19: MR-NIPCO-BASE | E19: واقعی؛ نیازمند تأیید | F19: IN-R07 | G19: کیفیت / لجستیک | H19: QMS | I19: درصد امتیاز عملکرد تامین کنندگان داخلی | J19: مطابق منبع؛ تأیید شود | K19: تأیید نشده | L19: 100 | M19: 100 | N19: 100 | O19: تأیید نشده | P19: فایل پایش دریافت نشده؛ امتیاز ۱۰۰؛ فقدان ارزیابی برخی تأمین‌کنندگان در ممیزی | Q19: نیازمند تطبیق | R19: =IF(A19="","",IF(AND(ISNUMBER(N19),ISNUMBER(L19)),N19-L19,"")) -> 0 | S19: =IF(A19="","",IF(AND(ISNUMBER(N19),ISNUMBER(M19)),N19-M19,"")) -> 0 | T19: =IF(A19="","",IF(NOT(AND(COUNTIFS('04-تحلیل شاخص‌ها'!$A$8:$A$1007,A19)=1,AND(COUNTIFS('17-جلسات و دوره‌ها'!$A$8:$A$1007,D19)=1,IFERROR(INDEX('17-جلسات و دوره‌ها'!$B$8:$B$1007,MATCH(D19,'17-جلسات و دوره‌ها'!$A$8:$A$1007,0)),"")=B19,IFERROR(INDEX('17-جلسات و دوره‌ها'!$C$8:$C$1007,MATCH(D19,'17-جلسات و دوره‌ها'!$A$8:$A$1007,0)),"")=C19),COUNTIFS('03-ورودی‌های بازنگری'!$A$8:$A$1007,F19)=1,IFERROR(INDEX('03-ورودی‌های بازنگری'!$D$8:$D$1007,MATCH(F19,'03-ورودی‌های بازنگری'!$A$8:$A$1007,0)),"")=D19)),"رابطه نامعتبر",IF(OR(Q19<>"تأیید شده",NOT(ISNUMBER(L19)),NOT(ISNUMBER(N19)),K19="تأیید نشده",P19=""),"نیازمند تأیید داده و هدف",IF(OR(AND(K19="کمتر بهتر",N19<=L19),AND(K19="بیشتر بهتر",N19>=L19),AND(K19="برابر هدف",N19=L19)),"محقق","محقق نشده")))) -> نیازمند تأیید داده و هدف | U19: =IF(A19="","",COUNTIFS('15-روابط'!$C$8:$C$1007,"ورودی",'15-روابط'!$D$8:$D$1007,F19,'15-روابط'!$E$8:$E$1007,"برنامه مصوب معتبر")) -> 0 | V19: =IF(A19="","",IF(T19<>"محقق نشده",T19,IF(O19="مشتری",IF(U19=0,"IATF: هدف مشتری؛ برنامه مصوب ندارد","برنامه مشتری ثبت شده؛ پایش اجرا لازم"),IF(O19="محیط‌زیستی",IF(U19=0,"هدف محیط‌زیستی؛ تعیین اقدام لازم","اقدام محیط‌زیستی ثبت شده"),"عدم تحقق؛ بررسی مدیریت لازم")))) -> نیازمند تأیید داده و هدف | W19: پیش از تصمیم، تعریف و دوره تأیید شود.
... A52: K-S5 | B52: DEMO | C52: P-DEMO | D52: MR-DEMO-01 | E52: فرضی؛ صرفاً آموزش | F52: IN-S5 | G52: آزمون | H52: QMS | I52: تحویل به‌موقع فرضی | J52: درصد | K52: بیشتر بهتر | L52: 95 | M52: 103 | N52: 98 | O52: داخلی | P52: DOC-DEMO | Q52: تأیید شده | R52: =IF(A52="","",IF(AND(ISNUMBER(N52),ISNUMBER(L52)),N52-L52,"")) -> 3 | S52: =IF(A52="","",IF(AND(ISNUMBER(N52),ISNUMBER(M52)),N52-M52,"")) -> -5 | T52: =IF(A52="","",IF(NOT(AND(COUNTIFS('04-تحلیل شاخص‌ها'!$A$8:$A$1007,A52)=1,AND(COUNTIFS('17-جلسات و دوره‌ها'!$A$8:$A$1007,D52)=1,IFERROR(INDEX('17-جلسات و دوره‌ها'!$B$8:$B$1007,MATCH(D52,'17-جلسات و دوره‌ها'!$A$8:$A$1007,0)),"")=B52,IFERROR(INDEX('17-جلسات و دوره‌ها'!$C$8:$C$1007,MATCH(D52,'17-جلسات و دوره‌ها'!$A$8:$A$1007,0)),"")=C52),COUNTIFS('03-ورودی‌های بازنگری'!$A$8:$A$1007,F52)=1,IFERROR(INDEX('03-ورودی‌های بازنگری'!$D$8:$D$1007,MATCH(F52,'03-ورودی‌های بازنگری'!$A$8:$A$1007,0)),"")=D52)),"رابطه نامعتبر",IF(OR(Q52<>"تأیید شده",NOT(ISNUMBER(L52)),NOT(ISNUMBER(N52)),K52="تأیید نشده",P52=""),"نیازمند تأیید داده و هدف",IF(OR(AND(K52="کمتر بهتر",N52<=L52),AND(K52="بیشتر بهتر",N52>=L52),AND(K52="برابر هدف",N52=L52)),"محقق","محقق نشده")))) -> محقق | U52: =IF(A52="","",COUNTIFS('15-روابط'!$C$8:$C$1007,"ورودی",'15-روابط'!$D$8:$D$1007,F52,'15-روابط'!$E$8:$E$1007,"برنامه مصوب معتبر")) -> 0 | V52: =IF(A52="","",IF(T52<>"محقق نشده",T52,IF(O52="مشتری",IF(U52=0,"IATF: هدف مشتری؛ برنامه مصوب ندارد","برنامه مشتری ثبت شده؛ پایش اجرا لازم"),IF(O52="محیط‌زیستی",IF(U52=0,"هدف محیط‌زیستی؛ تعیین اقدام لازم","اقدام محیط‌زیستی ثبت شده"),"عدم تحقق؛ بررسی مدیریت لازم")))) -> محقق | W52: صرفاً سناریوی فرضی
R53: =IF(A53="","",IF(AND(ISNUMBER(N53),ISNUMBER(L53)),N53-L53,"")) | S53: =IF(A53="","",IF(AND(ISNUMBER(N53),ISNUMBER(M53)),N53-M53,"")) | T53: =IF(A53="","",IF(NOT(AND(COUNTIFS('04-تحلیل شاخص‌ها'!$A$8:$A$1007,A53)=1,AND(COUNTIFS('17-جلسات و دوره‌ها'!$A$8:$A$1007,D53)=1,IFERROR(INDEX('17-جلسات و دوره‌ها'!$B$8:$B$1007,MATCH(D53,'17-جلسات و دوره‌ها'!$A$8:$A$1007,0)),"")=B53,IFERROR(INDEX('17-جلسات و دوره‌ها'!$C$8:$C$1007,MATCH(D53,'17-جلسات و دوره‌ها'!$A$8:$A$1007,0)),"")=C53),COUNTIFS('03-ورودی‌های بازنگری'!$A$8:$A$1007,F53)=1,IFERROR(INDEX('03-ورودی‌های بازنگری'!$D$8:$D$1007,MATCH(F53,'03-ورودی‌های بازنگری'!$A$8:$A$1007,0)),"")=D53)),"رابطه نامعتبر",IF(OR(Q53<>"تأیید شده",NOT(ISNUMBER(L53)),NOT(ISNUMBER(N53)),K53="تأیید نشده",P53=""),"نیازمند تأیید داده و هدف",IF(OR(AND(K53="کمتر بهتر",N53<=L53),AND(K53="بیشتر بهتر",N53>=L53),AND(K53="برابر هدف",N53=L53)),"محقق","محقق نشده")))) | U53: =IF(A53="","",COUNTIFS('15-روابط'!$C$8:$C$1007,"ورودی",'15-روابط'!$D$8:$D$1007,F53,'15-روابط'!$E$8:$E$1007,"برنامه مصوب معتبر")) | V53: =IF(A53="","",IF(T53<>"محقق نشده",T53,IF(O53="مشتری",IF(U53=0,"IATF: هدف مشتری؛ برنامه مصوب ندارد","برنامه مشتری ثبت شده؛ پایش اجرا لازم"),IF(O53="محیط‌زیستی",IF(U53=0,"هدف محیط‌زیستی؛ تعیین اقدام لازم","اقدام محیط‌زیستی ثبت شده"),"عدم تحقق؛ بررسی مدیریت لازم"))))
R54: =IF(A54="","",IF(AND(ISNUMBER(N54),ISNUMBER(L54)),N54-L54,"")) | S54: =IF(A54="","",IF(AND(ISNUMBER(N54),ISNUMBER(M54)),N54-M54,"")) | T54: =IF(A54="","",IF(NOT(AND(COUNTIFS('04-تحلیل شاخص‌ها'!$A$8:$A$1007,A54)=1,AND(COUNTIFS('17-جلسات و دوره‌ها'!$A$8:$A$1007,D54)=1,IFERROR(INDEX('17-جلسات و دوره‌ها'!$B$8:$B$1007,MATCH(D54,'17-جلسات و دوره‌ها'!$A$8:$A$1007,0)),"")=B54,IFERROR(INDEX('17-جلسات و دوره‌ها'!$C$8:$C$1007,MATCH(D54,'17-جلسات و دوره‌ها'!$A$8:$A$1007,0)),"")=C54),COUNTIFS('03-ورودی‌های بازنگری'!$A$8:$A$1007,F54)=1,IFERROR(INDEX('03-ورودی‌های بازنگری'!$D$8:$D$1007,MATCH(F54,'03-ورودی‌های بازنگری'!$A$8:$A$1007,0)),"")=D54)),"رابطه نامعتبر",IF(OR(Q54<>"تأیید شده",NOT(ISNUMBER(L54)),NOT(ISNUMBER(N54)),K54="تأیید نشده",P54=""),"نیازمند تأیید داده و هدف",IF(OR(AND(K54="کمتر بهتر",N54<=L54),AND(K54="بیشتر بهتر",N54>=L54),AND(K54="برابر هدف",N54=L54)),"محقق","محقق نشده")))) | U54: =IF(A54="","",COUNTIFS('15-روابط'!$C$8:$C$1007,"ورودی",'15-روابط'!$D$8:$D$1007,F54,'15-روابط'!$E$8:$E$1007,"برنامه مصوب معتبر")) | V54: =IF(A54="","",IF(T54<>"محقق نشده",T54,IF(O54="مشتری",IF(U54=0,"IATF: هدف مشتری؛ برنامه مصوب ندارد","برنامه مشتری ثبت شده؛ پایش اجرا لازم"),IF(O54="محیط‌زیستی",IF(U54=0,"هدف محیط‌زیستی؛ تعیین اقدام لازم","اقدام محیط‌زیستی ثبت شده"),"عدم تحقق؛ بررسی مدیریت لازم"))))
R55: =IF(A55="","",IF(AND(ISNUMBER(N55),ISNUMBER(L55)),N55-L55,"")) | S55: =IF(A55="","",IF(AND(ISNUMBER(N55),ISNUMBER(M55)),N55-M55,"")) | T55: =IF(A55="","",IF(NOT(AND(COUNTIFS('04-تحلیل شاخص‌ها'!$A$8:$A$1007,A55)=1,AND(COUNTIFS('17-جلسات و دوره‌ها'!$A$8:$A$1007,D55)=1,IFERROR(INDEX('17-جلسات و دوره‌ها'!$B$8:$B$1007,MATCH(D55,'17-جلسات و دوره‌ها'!$A$8:$A$1007,0)),"")=B55,IFERROR(INDEX('17-جلسات و دوره‌ها'!$C$8:$C$1007,MATCH(D55,'17-جلسات و دوره‌ها'!$A$8:$A$1007,0)),"")=C55),COUNTIFS('03-ورودی‌های بازنگری'!$A$8:$A$1007,F55)=1,IFERROR(INDEX('03-ورودی‌های بازنگری'!$D$8:$D$1007,MATCH(F55,'03-ورودی‌های بازنگری'!$A$8:$A$1007,0)),"")=D55)),"رابطه نامعتبر",IF(OR(Q55<>"تأیید شده",NOT(ISNUMBER(L55)),NOT(ISNUMBER(N55)),K55="تأیید نشده",P55=""),"نیازمند تأیید داده و هدف",IF(OR(AND(K55="کمتر بهتر",N55<=L55),AND(K55="بیشتر بهتر",N55>=L55),AND(K55="برابر هدف",N55=L55)),"محقق","محقق نشده")))) | U55: =IF(A55="","",COUNTIFS('15-روابط'!$C$8:$C$1007,"ورودی",'15-روابط'!$D$8:$D$1007,F55,'15-روابط'!$E$8:$E$1007,"برنامه مصوب معتبر")) | V55: =IF(A55="","",IF(T55<>"محقق نشده",T55,IF(O55="مشتری",IF(U55=0,"IATF: هدف مشتری؛ برنامه مصوب ندارد","برنامه مشتری ثبت شده؛ پایش اجرا لازم"),IF(O55="محیط‌زیستی",IF(U55=0,"هدف محیط‌زیستی؛ تعیین اقدام لازم","اقدام محیط‌زیستی ثبت شده"),"عدم تحقق؛ بررسی مدیریت لازم"))))
R56: =IF(A56="","",IF(AND(ISNUMBER(N56),ISNUMBER(L56)),N56-L56,"")) | S56: =IF(A56="","",IF(AND(ISNUMBER(N56),ISNUMBER(M56)),N56-M56,"")) | T56: =IF(A56="","",IF(NOT(AND(COUNTIFS('04-تحلیل شاخص‌ها'!$A$8:$A$1007,A56)=1,AND(COUNTIFS('17-جلسات و دوره‌ها'!$A$8:$A$1007,D56)=1,IFERROR(INDEX('17-جلسات و دوره‌ها'!$B$8:$B$1007,MATCH(D56,'17-جلسات و دوره‌ها'!$A$8:$A$1007,0)),"")=B56,IFERROR(INDEX('17-جلسات و دوره‌ها'!$C$8:$C$1007,MATCH(D56,'17-جلسات و دوره‌ها'!$A$8:$A$1007,0)),"")=C56),COUNTIFS('03-ورودی‌های بازنگری'!$A$8:$A$1007,F56)=1,IFERROR(INDEX('03-ورودی‌های بازنگری'!$D$8:$D$1007,MATCH(F56,'03-ورودی‌های بازنگری'!$A$8:$A$1007,0)),"")=D56)),"رابطه نامعتبر",IF(OR(Q56<>"تأیید شده",NOT(ISNUMBER(L56)),NOT(ISNUMBER(N56)),K56="تأیید نشده",P56=""),"نیازمند تأیید داده و هدف",IF(OR(AND(K56="کمتر بهتر",N56<=L56),AND(K56="بیشتر بهتر",N56>=L56),AND(K56="برابر هدف",N56=L56)),"محقق","محقق نشده")))) | U56: =IF(A56="","",COUNTIFS('15-روابط'!$C$8:$C$1007,"ورودی",'15-روابط'!$D$8:$D$1007,F56,'15-روابط'!$E$8:$E$1007,"برنامه مصوب معتبر")) | V56: =IF(A56="","",IF(T56<>"محقق نشده",T56,IF(O56="مشتری",IF(U56=0,"IATF: هدف مشتری؛ برنامه مصوب ندارد","برنامه مشتری ثبت شده؛ پایش اجرا لازم"),IF(O56="محیط‌زیستی",IF(U56=0,"هدف محیط‌زیستی؛ تعیین اقدام لازم","اقدام محیط‌زیستی ثبت شده"),"عدم تحقق؛ بررسی مدیریت لازم"))))
R57: =IF(A57="","",IF(AND(ISNUMBER(N57),ISNUMBER(L57)),N57-L57,"")) | S57: =IF(A57="","",IF(AND(ISNUMBER(N57),ISNUMBER(M57)),N57-M57,"")) | T57: =IF(A57="","",IF(NOT(AND(COUNTIFS('04-تحلیل شاخص‌ها'!$A$8:$A$1007,A57)=1,AND(COUNTIFS('17-جلسات و دوره‌ها'!$A$8:$A$1007,D57)=1,IFERROR(INDEX('17-جلسات و دوره‌ها'!$B$8:$B$1007,MATCH(D57,'17-جلسات و دوره‌ها'!$A$8:$A$1007,0)),"")=B57,IFERROR(INDEX('17-جلسات و دوره‌ها'!$C$8:$C$1007,MATCH(D57,'17-جلسات و دوره‌ها'!$A$8:$A$1007,0)),"")=C57),COUNTIFS('03-ورودی‌های بازنگری'!$A$8:$A$1007,F57)=1,IFERROR(INDEX('03-ورودی‌های بازنگری'!$D$8:$D$1007,MATCH(F57,'03-ورودی‌های بازنگری'!$A$8:$A$1007,0)),"")=D57)),"رابطه نامعتبر",IF(OR(Q57<>"تأیید شده",NOT(ISNUMBER(L57)),NOT(ISNUMBER(N57)),K57="تأیید نشده",P57=""),"نیازمند تأیید داده و هدف",IF(OR(AND(K57="کمتر بهتر",N57<=L57),AND(K57="بیشتر بهتر",N57>=L57),AND(K57="برابر هدف",N57=L57)),"محقق","محقق نشده")))) | U57: =IF(A57="","",COUNTIFS('15-روابط'!$C$8:$C$1007,"ورودی",'15-روابط'!$D$8:$D$1007,F57,'15-روابط'!$E$8:$E$1007,"برنامه مصوب معتبر")) | V57: =IF(A57="","",IF(T57<>"محقق نشده",T57,IF(O57="مشتری",IF(U57=0,"IATF: هدف مشتری؛ برنامه مصوب ندارد","برنامه مشتری ثبت شده؛ پایش اجرا لازم"),IF(O57="محیط‌زیستی",IF(U57=0,"هدف محیط‌زیستی؛ تعیین اقدام لازم","اقدام محیط‌زیستی ثبت شده"),"عدم تحقق؛ بررسی مدیریت لازم"))))
R58: =IF(A58="","",IF(AND(ISNUMBER(N58),ISNUMBER(L58)),N58-L58,"")) | S58: =IF(A58="","",IF(AND(ISNUMBER(N58),ISNUMBER(M58)),N58-M58,"")) | T58: =IF(A58="","",IF(NOT(AND(COUNTIFS('04-تحلیل شاخص‌ها'!$A$8:$A$1007,A58)=1,AND(COUNTIFS('17-جلسات و دوره‌ها'!$A$8:$A$1007,D58)=1,IFERROR(INDEX('17-جلسات و دوره‌ها'!$B$8:$B$1007,MATCH(D58,'17-جلسات و دوره‌ها'!$A$8:$A$1007,0)),"")=B58,IFERROR(INDEX('17-جلسات و دوره‌ها'!$C$8:$C$1007,MATCH(D58,'17-جلسات و دوره‌ها'!$A$8:$A$1007,0)),"")=C58),COUNTIFS('03-ورودی‌های بازنگری'!$A$8:$A$1007,F58)=1,IFERROR(INDEX('03-ورودی‌های بازنگری'!$D$8:$D$1007,MATCH(F58,'03-ورودی‌های بازنگری'!$A$8:$A$1007,0)),"")=D58)),"رابطه نامعتبر",IF(OR(Q58<>"تأیید شده",NOT(ISNUMBER(L58)),NOT(ISNUMBER(N58)),K58="تأیید نشده",P58=""),"نیازمند تأیید داده و هدف",IF(OR(AND(K58="کمتر بهتر",N58<=L58),AND(K58="بیشتر بهتر",N58>=L58),AND(K58="برابر هدف",N58=L58)),"محقق","محقق نشده")))) | U58: =IF(A58="","",COUNTIFS('15-روابط'!$C$8:$C$1007,"ورودی",'15-روابط'!$D$8:$D$1007,F58,'15-روابط'!$E$8:$E$1007,"برنامه مصوب معتبر")) | V58: =IF(A58="","",IF(T58<>"محقق نشده",T58,IF(O58="مشتری",IF(U58=0,"IATF: هدف مشتری؛ برنامه مصوب ندارد","برنامه مشتری ثبت شده؛ پایش اجرا لازم"),IF(O58="محیط‌زیستی",IF(U58=0,"هدف محیط‌زیستی؛ تعیین اقدام لازم","اقدام محیط‌زیستی ثبت شده"),"عدم تحقق؛ بررسی مدیریت لازم"))))
R59: =IF(A59="","",IF(AND(ISNUMBER(N59),ISNUMBER(L59)),N59-L59,"")) | S59: =IF(A59="","",IF(AND(ISNUMBER(N59),ISNUMBER(M59)),N59-M59,"")) | T59: =IF(A59="","",IF(NOT(AND(COUNTIFS('04-تحلیل شاخص‌ها'!$A$8:$A$1007,A59)=1,AND(COUNTIFS('17-جلسات و دوره‌ها'!$A$8:$A$1007,D59)=1,IFERROR(INDEX('17-جلسات و دوره‌ها'!$B$8:$B$1007,MATCH(D59,'17-جلسات و دوره‌ها'!$A$8:$A$1007,0)),"")=B59,IFERROR(INDEX('17-جلسات و دوره‌ها'!$C$8:$C$1007,MATCH(D59,'17-جلسات و دوره‌ها'!$A$8:$A$1007,0)),"")=C59),COUNTIFS('03-ورودی‌های بازنگری'!$A$8:$A$1007,F59)=1,IFERROR(INDEX('03-ورودی‌های بازنگری'!$D$8:$D$1007,MATCH(F59,'03-ورودی‌های بازنگری'!$A$8:$A$1007,0)),"")=D59)),"رابطه نامعتبر",IF(OR(Q59<>"تأیید شده",NOT(ISNUMBER(L59)),NOT(ISNUMBER(N59)),K59="تأیید نشده",P59=""),"نیازمند تأیید داده و هدف",IF(OR(AND(K59="کمتر بهتر",N59<=L59),AND(K59="بیشتر بهتر",N59>=L59),AND(K59="برابر هدف",N59=L59)),"محقق","محقق نشده")))) | U59: =IF(A59="","",COUNTIFS('15-روابط'!$C$8:$C$1007,"ورودی",'15-روابط'!$D$8:$D$1007,F59,'15-روابط'!$E$8:$E$1007,"برنامه مصوب معتبر")) | V59: =IF(A59="","",IF(T59<>"محقق نشده",T59,IF(O59="مشتری",IF(U59=0,"IATF: هدف مشتری؛ برنامه مصوب ندارد","برنامه مشتری ثبت شده؛ پایش اجرا لازم"),IF(O59="محیط‌زیستی",IF(U59=0,"هدف محیط‌زیستی؛ تعیین اقدام لازم","اقدام محیط‌زیستی ثبت شده"),"عدم تحقق؛ بررسی مدیریت لازم"))))
R60: =IF(A60="","",IF(AND(ISNUMBER(N60),ISNUMBER(L60)),N60-L60,"")) | S60: =IF(A60="","",IF(AND(ISNUMBER(N60),ISNUMBER(M60)),N60-M60,"")) | T60: =IF(A60="","",IF(NOT(AND(COUNTIFS('04-تحلیل شاخص‌ها'!$A$8:$A$1007,A60)=1,AND(COUNTIFS('17-جلسات و دوره‌ها'!$A$8:$A$1007,D60)=1,IFERROR(INDEX('17-جلسات و دوره‌ها'!$B$8:$B$1007,MATCH(D60,'17-جلسات و دوره‌ها'!$A$8:$A$1007,0)),"")=B60,IFERROR(INDEX('17-جلسات و دوره‌ها'!$C$8:$C$1007,MATCH(D60,'17-جلسات و دوره‌ها'!$A$8:$A$1007,0)),"")=C60),COUNTIFS('03-ورودی‌های بازنگری'!$A$8:$A$1007,F60)=1,IFERROR(INDEX('03-ورودی‌های بازنگری'!$D$8:$D$1007,MATCH(F60,'03-ورودی‌های بازنگری'!$A$8:$A$1007,0)),"")=D60)),"رابطه نامعتبر",IF(OR(Q60<>"تأیید شده",NOT(ISNUMBER(L60)),NOT(ISNUMBER(N60)),K60="تأیید نشده",P60=""),"نیازمند تأیید داده و هدف",IF(OR(AND(K60="کمتر بهتر",N60<=L60),AND(K60="بیشتر بهتر",N60>=L60),AND(K60="برابر هدف",N60=L60)),"محقق","محقق نشده")))) | U60: =IF(A60="","",COUNTIFS('15-روابط'!$C$8:$C$1007,"ورودی",'15-روابط'!$D$8:$D$1007,F60,'15-روابط'!$E$8:$E$1007,"برنامه مصوب معتبر")) | V60: =IF(A60="","",IF(T60<>"محقق نشده",T60,IF(O60="مشتری",IF(U60=0,"IATF: هدف مشتری؛ برنامه مصوب ندارد","برنامه مشتری ثبت شده؛ پایش اجرا لازم"),IF(O60="محیط‌زیستی",IF(U60=0,"هدف محیط‌زیستی؛ تعیین اقدام لازم","اقدام محیط‌زیستی ثبت شده"),"عدم تحقق؛ بررسی مدیریت لازم"))))

Sheet 05-موضوعات مدیریتی
A1: گزارش تحلیلی پیش از جلسه
A2: این صفحه پیشنهاد کارشناسی است و مصوبه مدیریت محسوب نمی‌شود. برای گزارش جلسه، شرکت/دوره را با فیلتر جدول انتخاب کنید؛ وضعیت تصمیم در بانک 07 ثبت می‌شود.
A7: شناسه مسئله | B7: شرکت | C7: دوره | D7: جلسه | E7: نوع داده | F7: ورودی مرتبط | G7: موضوع | H7: ریسک | I7: یافته و تحلیل | J7: پیشنهاد تصمیم | K7: اولویت | L7: شاهد
A8: ISS-G01 | B8: NIPCO | C8: P-BASE | D8: MR-NIPCO-BASE | E8: واقعی؛ نیازمند تأیید | F8: IN-R01 | G8: دوره و نسخه | H8: بالا | I8: مرز روزانه دوره و نسخه استانداردها مشخص نیست. | J8: تکمیل مشخصات و دامنه پیش از تصویب | K8: فوری | L8: هر دو جلد و 1!O1
A9: ISS-G02 | B9: NIPCO | C9: P-BASE | D9: MR-NIPCO-BASE | E9: واقعی؛ نیازمند تأیید | F9: IN-R01 | G9: تاریخ HSE | H9: بالا | I9: 3!O23 به سلول خالی ارجاع دارد و مقدار صفر ذخیره شده است. | J9: استفاده از تاریخ واحد و معتبر جلسه | K9: فوری | L9: HSE 3!O23
A10: ISS-G03 | B10: NIPCO | C10: P-BASE | D10: MR-NIPCO-BASE | E10: واقعی؛ نیازمند تأیید | F10: IN-R02 | G10: صفحه‌بندی | H10: متوسط | I10: شماره صفحات تکراری و ارجاع به سلول نامناسب وجود دارد. | J10: شماره‌گذاری خودکار صفحه/تعداد صفحات | K10: مهم | L10: HSE 3!O24؛ LOG 5-7 (2)!O2
A11: ISS-G04 | B11: NIPCO | C11: P-BASE | D11: MR-NIPCO-BASE | E11: واقعی؛ نیازمند تأیید | F11: IN-R02 | G11: مرجع خارجی | H11: متوسط | I11: فرمول شماره صفحه به فایل خارجی وابسته است. | J11: حذف وابستگی در فایل یکپارچه | K11: مهم | L11: LOG 5-7 (2)!O2
A12: ISS-G05 | B12: NIPCO | C12: P-BASE | D12: MR-NIPCO-BASE | E12: واقعی؛ نیازمند تأیید | F12: IN-R02 | G12: پیوست‌ها | H12: بالا | I12: پیوست‌ها در سیستم تضمین هستند؛ شناسه و مسیر بازیابی کامل در گزارش نیست. | J12: ایجاد فهرست شواهد قابل بازیابی | K12: فوری | L12: توضیح کاربر؛ ارجاعات دو فایل
A13: ISS-G06 | B13: NIPCO | C13: P-BASE | D13: MR-NIPCO-BASE | E13: واقعی؛ نیازمند تأیید | F13: IN-R25 | G13: گزارش پایش HSE | H13: بالا | I13: تاریخ گزارش R-NP-14031201 بین ۱۴۰۳ و ۱۴۰۵ متفاوت است؛ یکی بعد از تاریخ جلسه است. | J13: تطبیق با اصل گزارش | K13: فوری | L13: HSE 8-9!C5؛ 15!C9
A14: ISS-G07 | B14: NIPCO | C14: P-BASE | D14: MR-NIPCO-BASE | E14: واقعی؛ نیازمند تأیید | F14: IN-R07 | G14: OTD | H14: بالا | I14: ۹۶٫۴۷ در جدول و ۹۵٫۱۱ در خروجی آمده است. | J14: تطبیق با فایل پایش شاخص‌ها | K14: فوری | L14: LOG 2-4!F35؛ 21!H7
A15: ISS-G08 | B15: NIPCO | C15: P-BASE | D15: MR-NIPCO-BASE | E15: واقعی؛ نیازمند تأیید | F15: IN-R07 | G15: تحقق تولید | H15: بالا | I15: ۸۷٫۶۸ با عبارت 88/29 متفاوت است. | J15: تعیین دوره و مقدار مرجع | K15: فوری | L15: LOG 2-4!F26؛ 21!C9
A16: ISS-G09 | B16: NIPCO | C16: P-BASE | D16: MR-NIPCO-BASE | E16: واقعی؛ نیازمند تأیید | F16: IN-R16 | G16: اثربخشی آموزش | H16: متوسط | I16: ۰٫۹۵ و ۰٫۸۵۶۷ و قالب‌های نمایش متفاوت ثبت شده است. | J16: تطبیق مقدار و یکسان‌سازی واحد | K16: مهم | L16: LOG 2-4!F7؛ 10-!F9
A17: ISS-G10 | B17: NIPCO | C17: P-BASE | D17: MR-NIPCO-BASE | E17: واقعی؛ نیازمند تأیید | F17: IN-R07 | G17: ضایعات ربات | H17: بالا | I17: هدف/حد پذیرش ۴۰۰/۶۵۰ با ۹۳/۳۴۳ متفاوت است. | J17: تثبیت تعریف و حدود مصوب | K17: فوری | L17: LOG 2-4!C20:F20؛ 10-!C11:F11
A18: ISS-G11 | B18: NIPCO | C18: P-BASE | D18: MR-NIPCO-BASE | E18: واقعی؛ نیازمند تأیید | F18: IN-R13 | G18: شاخص‌های نگهداری | H18: متوسط | I18: MTTR و MTBF جدول و تحلیل یکسان نیستند. | J18: تعیین دامنه تجهیز و مرجع | K18: مهم | L18: LOG 2-4!F36:F43؛ 10-!F17:F18
... A35: ISS-G28 | B35: NIPCO | C35: P-BASE | D35: MR-NIPCO-BASE | E35: واقعی؛ نیازمند تأیید | F35: IN-R19 | G35: نرخ ساخت پالت | H35: متوسط | I35: نرخ‌های ۴۰ و ۵۰ در ماه و توقف ساخت هم‌زمان در متن آمده‌اند. | J35: ثبت موجودی، نرخ مصوب و وضعیت سفارش | K35: مهم | L35: LOG 8-9!K18؛ 20!C11

Sheet 06-نتایج بازنگری
A1: نتیجه‌گیری مدیریت ارشد برای هر سیستم
A2: انتخاب وضعیت مطلوب کافی نیست؛ شاهد، جمع‌بندی، نظر مدیریت و مرجع تأیید باید کامل باشد. ضرورت اقدام از نتیجه‌گیری جدا ثبت می‌شود.
A7: شناسه نتیجه | B7: شرکت | C7: دوره | D7: جلسه | E7: نوع داده | F7: سیستم | G7: موضوع ارزیابی | H7: شناسه شواهد | I7: جمع‌بندی تحلیلی | J7: وضعیت ارزیابی | K7: نظر مدیریت | L7: ضرورت اقدام | M7: تصمیم مرتبط | N7: مرجع تأیید | O7: تاریخ تأیید | P7: اعتبار نتیجه
A8: CON-NIPCO-QMS-1 | B8: NIPCO | C8: P-BASE | D8: MR-NIPCO-BASE | E8: واقعی؛ نیازمند تأیید | F8: QMS | G8: تناسب | J8: نیازمند اطلاعات تکمیلی | L8: تعیین نشده | P8: =IF(A8="","",IF(NOT(AND(COUNTIFS('06-نتایج بازنگری'!$A$8:$A$1007,A8)=1,AND(COUNTIFS('17-جلسات و دوره‌ها'!$A$8:$A$1007,D8)=1,IFERROR(INDEX('17-جلسات و دوره‌ها'!$B$8:$B$1007,MATCH(D8,'17-جلسات و دوره‌ها'!$A$8:$A$1007,0)),"")=B8,IFERROR(INDEX('17-جلسات و دوره‌ها'!$C$8:$C$1007,MATCH(D8,'17-جلسات و دوره‌ها'!$A$8:$A$1007,0)),"")=C8))),"شناسه یا جلسه نامعتبر",IF(AND(AND(COUNTIFS('14-مستندات و پیوست‌ها'!$A$8:$A$1007,H8)=1,IFERROR(INDEX('14-مستندات و پیوست‌ها'!$B$8:$B$1007,MATCH(H8,'14-مستندات و پیوست‌ها'!$A$8:$A$1007,0)),"")=B8,OR(IFERROR(INDEX('14-مستندات و پیوست‌ها'!$H$8:$H$1007,MATCH(H8,'14-مستندات و پیوست‌ها'!$A$8:$A$1007,0)),"")="دریافت شده",IFERROR(INDEX('14-مستندات و پیوست‌ها'!$H$8:$H$1007,MATCH(H8,'14-مستندات و پیوست‌ها'!$A$8:$A$1007,0)),"")="فرضی")),I8<>"",K8<>"",N8<>"",ISNUMBER(O8),J8<>"نیازمند اطلاعات تکمیلی",OR(L8="خیر",AND(L8="بله",COUNTIFS('07-تصمیمات و مصوبات'!$A$8:$A$1007,M8)=1,IFERROR(INDEX('07-تصمیمات و مصوبات'!$B$8:$B$1007,MATCH(M8,'07-تصمیمات و مصوبات'!$A$8:$A$1007,0)),"")=D8))),"معتبر","نتیجه یا شواهد ناقص"))) -> نتیجه یا شواهد ناقص
A9: CON-NIPCO-QMS-2 | B9: NIPCO | C9: P-BASE | D9: MR-NIPCO-BASE | E9: واقعی؛ نیازمند تأیید | F9: QMS | G9: کفایت | J9: نیازمند اطلاعات تکمیلی | L9: تعیین نشده | P9: =IF(A9="","",IF(NOT(AND(COUNTIFS('06-نتایج بازنگری'!$A$8:$A$1007,A9)=1,AND(COUNTIFS('17-جلسات و دوره‌ها'!$A$8:$A$1007,D9)=1,IFERROR(INDEX('17-جلسات و دوره‌ها'!$B$8:$B$1007,MATCH(D9,'17-جلسات و دوره‌ها'!$A$8:$A$1007,0)),"")=B9,IFERROR(INDEX('17-جلسات و دوره‌ها'!$C$8:$C$1007,MATCH(D9,'17-جلسات و دوره‌ها'!$A$8:$A$1007,0)),"")=C9))),"شناسه یا جلسه نامعتبر",IF(AND(AND(COUNTIFS('14-مستندات و پیوست‌ها'!$A$8:$A$1007,H9)=1,IFERROR(INDEX('14-مستندات و پیوست‌ها'!$B$8:$B$1007,MATCH(H9,'14-مستندات و پیوست‌ها'!$A$8:$A$1007,0)),"")=B9,OR(IFERROR(INDEX('14-مستندات و پیوست‌ها'!$H$8:$H$1007,MATCH(H9,'14-مستندات و پیوست‌ها'!$A$8:$A$1007,0)),"")="دریافت شده",IFERROR(INDEX('14-مستندات و پیوست‌ها'!$H$8:$H$1007,MATCH(H9,'14-مستندات و پیوست‌ها'!$A$8:$A$1007,0)),"")="فرضی")),I9<>"",K9<>"",N9<>"",ISNUMBER(O9),J9<>"نیازمند اطلاعات تکمیلی",OR(L9="خیر",AND(L9="بله",COUNTIFS('07-تصمیمات و مصوبات'!$A$8:$A$1007,M9)=1,IFERROR(INDEX('07-تصمیمات و مصوبات'!$B$8:$B$1007,MATCH(M9,'07-تصمیمات و مصوبات'!$A$8:$A$1007,0)),"")=D9))),"معتبر","نتیجه یا شواهد ناقص"))) -> نتیجه یا شواهد ناقص
A10: CON-NIPCO-QMS-3 | B10: NIPCO | C10: P-BASE | D10: MR-NIPCO-BASE | E10: واقعی؛ نیازمند تأیید | F10: QMS | G10: اثربخشی | J10: نیازمند اطلاعات تکمیلی | L10: تعیین نشده | P10: =IF(A10="","",IF(NOT(AND(COUNTIFS('06-نتایج بازنگری'!$A$8:$A$1007,A10)=1,AND(COUNTIFS('17-جلسات و دوره‌ها'!$A$8:$A$1007,D10)=1,IFERROR(INDEX('17-جلسات و دوره‌ها'!$B$8:$B$1007,MATCH(D10,'17-جلسات و دوره‌ها'!$A$8:$A$1007,0)),"")=B10,IFERROR(INDEX('17-جلسات و دوره‌ها'!$C$8:$C$1007,MATCH(D10,'17-جلسات و دوره‌ها'!$A$8:$A$1007,0)),"")=C10))),"شناسه یا جلسه نامعتبر",IF(AND(AND(COUNTIFS('14-مستندات و پیوست‌ها'!$A$8:$A$1007,H10)=1,IFERROR(INDEX('14-مستندات و پیوست‌ها'!$B$8:$B$1007,MATCH(H10,'14-مستندات و پیوست‌ها'!$A$8:$A$1007,0)),"")=B10,OR(IFERROR(INDEX('14-مستندات و پیوست‌ها'!$H$8:$H$1007,MATCH(H10,'14-مستندات و پیوست‌ها'!$A$8:$A$1007,0)),"")="دریافت شده",IFERROR(INDEX('14-مستندات و پیوست‌ها'!$H$8:$H$1007,MATCH(H10,'14-مستندات و پیوست‌ها'!$A$8:$A$1007,0)),"")="فرضی")),I10<>"",K10<>"",N10<>"",ISNUMBER(O10),J10<>"نیازمند اطلاعات تکمیلی",OR(L10="خیر",AND(L10="بله",COUNTIFS('07-تصمیمات و مصوبات'!$A$8:$A$1007,M10)=1,IFERROR(INDEX('07-تصمیمات و مصوبات'!$B$8:$B$1007,MATCH(M10,'07-تصمیمات و مصوبات'!$A$8:$A$1007,0)),"")=D10))),"معتبر","نتیجه یا شواهد ناقص"))) -> نتیجه یا شواهد ناقص
A11: CON-NIPCO-IATF-1 | B11: NIPCO | C11: P-BASE | D11: MR-NIPCO-BASE | E11: واقعی؛ نیازمند تأیید | F11: IATF | G11: تناسب | J11: نیازمند اطلاعات تکمیلی | L11: تعیین نشده | P11: =IF(A11="","",IF(NOT(AND(COUNTIFS('06-نتایج بازنگری'!$A$8:$A$1007,A11)=1,AND(COUNTIFS('17-جلسات و دوره‌ها'!$A$8:$A$1007,D11)=1,IFERROR(INDEX('17-جلسات و دوره‌ها'!$B$8:$B$1007,MATCH(D11,'17-جلسات و دوره‌ها'!$A$8:$A$1007,0)),"")=B11,IFERROR(INDEX('17-جلسات و دوره‌ها'!$C$8:$C$1007,MATCH(D11,'17-جلسات و دوره‌ها'!$A$8:$A$1007,0)),"")=C11))),"شناسه یا جلسه نامعتبر",IF(AND(AND(COUNTIFS('14-مستندات و پیوست‌ها'!$A$8:$A$1007,H11)=1,IFERROR(INDEX('14-مستندات و پیوست‌ها'!$B$8:$B$1007,MATCH(H11,'14-مستندات و پیوست‌ها'!$A$8:$A$1007,0)),"")=B11,OR(IFERROR(INDEX('14-مستندات و پیوست‌ها'!$H$8:$H$1007,MATCH(H11,'14-مستندات و پیوست‌ها'!$A$8:$A$1007,0)),"")="دریافت شده",IFERROR(INDEX('14-مستندات و پیوست‌ها'!$H$8:$H$1007,MATCH(H11,'14-مستندات و پیوست‌ها'!$A$8:$A$1007,0)),"")="فرضی")),I11<>"",K11<>"",N11<>"",ISNUMBER(O11),J11<>"نیازمند اطلاعات تکمیلی",OR(L11="خیر",AND(L11="بله",COUNTIFS('07-تصمیمات و مصوبات'!$A$8:$A$1007,M11)=1,IFERROR(INDEX('07-تصمیمات و مصوبات'!$B$8:$B$1007,MATCH(M11,'07-تصمیمات و مصوبات'!$A$8:$A$1007,0)),"")=D11))),"معتبر","نتیجه یا شواهد ناقص"))) -> نتیجه یا شواهد ناقص
A12: CON-NIPCO-IATF-2 | B12: NIPCO | C12: P-BASE | D12: MR-NIPCO-BASE | E12: واقعی؛ نیازمند تأیید | F12: IATF | G12: کفایت | J12: نیازمند اطلاعات تکمیلی | L12: تعیین نشده | P12: =IF(A12="","",IF(NOT(AND(COUNTIFS('06-نتایج بازنگری'!$A$8:$A$1007,A12)=1,AND(COUNTIFS('17-جلسات و دوره‌ها'!$A$8:$A$1007,D12)=1,IFERROR(INDEX('17-جلسات و دوره‌ها'!$B$8:$B$1007,MATCH(D12,'17-جلسات و دوره‌ها'!$A$8:$A$1007,0)),"")=B12,IFERROR(INDEX('17-جلسات و دوره‌ها'!$C$8:$C$1007,MATCH(D12,'17-جلسات و دوره‌ها'!$A$8:$A$1007,0)),"")=C12))),"شناسه یا جلسه نامعتبر",IF(AND(AND(COUNTIFS('14-مستندات و پیوست‌ها'!$A$8:$A$1007,H12)=1,IFERROR(INDEX('14-مستندات و پیوست‌ها'!$B$8:$B$1007,MATCH(H12,'14-مستندات و پیوست‌ها'!$A$8:$A$1007,0)),"")=B12,OR(IFERROR(INDEX('14-مستندات و پیوست‌ها'!$H$8:$H$1007,MATCH(H12,'14-مستندات و پیوست‌ها'!$A$8:$A$1007,0)),"")="دریافت شده",IFERROR(INDEX('14-مستندات و پیوست‌ها'!$H$8:$H$1007,MATCH(H12,'14-مستندات و پیوست‌ها'!$A$8:$A$1007,0)),"")="فرضی")),I12<>"",K12<>"",N12<>"",ISNUMBER(O12),J12<>"نیازمند اطلاعات تکمیلی",OR(L12="خیر",AND(L12="بله",COUNTIFS('07-تصمیمات و مصوبات'!$A$8:$A$1007,M12)=1,IFERROR(INDEX('07-تصمیمات و مصوبات'!$B$8:$B$1007,MATCH(M12,'07-تصمیمات و مصوبات'!$A$8:$A$1007,0)),"")=D12))),"معتبر","نتیجه یا شواهد ناقص"))) -> نتیجه یا شواهد ناقص
A13: CON-NIPCO-IATF-3 | B13: NIPCO | C13: P-BASE | D13: MR-NIPCO-BASE | E13: واقعی؛ نیازمند تأیید | F13: IATF | G13: اثربخشی | J13: نیازمند اطلاعات تکمیلی | L13: تعیین نشده | P13: =IF(A13="","",IF(NOT(AND(COUNTIFS('06-نتایج بازنگری'!$A$8:$A$1007,A13)=1,AND(COUNTIFS('17-جلسات و دوره‌ها'!$A$8:$A$1007,D13)=1,IFERROR(INDEX('17-جلسات و دوره‌ها'!$B$8:$B$1007,MATCH(D13,'17-جلسات و دوره‌ها'!$A$8:$A$1007,0)),"")=B13,IFERROR(INDEX('17-جلسات و دوره‌ها'!$C$8:$C$1007,MATCH(D13,'17-جلسات و دوره‌ها'!$A$8:$A$1007,0)),"")=C13))),"شناسه یا جلسه نامعتبر",IF(AND(AND(COUNTIFS('14-مستندات و پیوست‌ها'!$A$8:$A$1007,H13)=1,IFERROR(INDEX('14-مستندات و پیوست‌ها'!$B$8:$B$1007,MATCH(H13,'14-مستندات و پیوست‌ها'!$A$8:$A$1007,0)),"")=B13,OR(IFERROR(INDEX('14-مستندات و پیوست‌ها'!$H$8:$H$1007,MATCH(H13,'14-مستندات و پیوست‌ها'!$A$8:$A$1007,0)),"")="دریافت شده",IFERROR(INDEX('14-مستندات و پیوست‌ها'!$H$8:$H$1007,MATCH(H13,'14-مستندات و پیوست‌ها'!$A$8:$A$1007,0)),"")="فرضی")),I13<>"",K13<>"",N13<>"",ISNUMBER(O13),J13<>"نیازمند اطلاعات تکمیلی",OR(L13="خیر",AND(L13="بله",COUNTIFS('07-تصمیمات و مصوبات'!$A$8:$A$1007,M13)=1,IFERROR(INDEX('07-تصمیمات و مصوبات'!$B$8:$B$1007,MATCH(M13,'07-تصمیمات و مصوبات'!$A$8:$A$1007,0)),"")=D13))),"معتبر","نتیجه یا شواهد ناقص"))) -> نتیجه یا شواهد ناقص
A14: CON-NIPCO-EMS-1 | B14: NIPCO | C14: P-BASE | D14: MR-NIPCO-BASE | E14: واقعی؛ نیازمند تأیید | F14: EMS | G14: تناسب | J14: نیازمند اطلاعات تکمیلی | L14: تعیین نشده | P14: =IF(A14="","",IF(NOT(AND(COUNTIFS('06-نتایج بازنگری'!$A$8:$A$1007,A14)=1,AND(COUNTIFS('17-جلسات و دوره‌ها'!$A$8:$A$1007,D14)=1,IFERROR(INDEX('17-جلسات و دوره‌ها'!$B$8:$B$1007,MATCH(D14,'17-جلسات و دوره‌ها'!$A$8:$A$1007,0)),"")=B14,IFERROR(INDEX('17-جلسات و دوره‌ها'!$C$8:$C$1007,MATCH(D14,'17-جلسات و دوره‌ها'!$A$8:$A$1007,0)),"")=C14))),"شناسه یا جلسه نامعتبر",IF(AND(AND(COUNTIFS('14-مستندات و پیوست‌ها'!$A$8:$A$1007,H14)=1,IFERROR(INDEX('14-مستندات و پیوست‌ها'!$B$8:$B$1007,MATCH(H14,'14-مستندات و پیوست‌ها'!$A$8:$A$1007,0)),"")=B14,OR(IFERROR(INDEX('14-مستندات و پیوست‌ها'!$H$8:$H$1007,MATCH(H14,'14-مستندات و پیوست‌ها'!$A$8:$A$1007,0)),"")="دریافت شده",IFERROR(INDEX('14-مستندات و پیوست‌ها'!$H$8:$H$1007,MATCH(H14,'14-مستندات و پیوست‌ها'!$A$8:$A$1007,0)),"")="فرضی")),I14<>"",K14<>"",N14<>"",ISNUMBER(O14),J14<>"نیازمند اطلاعات تکمیلی",OR(L14="خیر",AND(L14="بله",COUNTIFS('07-تصمیمات و مصوبات'!$A$8:$A$1007,M14)=1,IFERROR(INDEX('07-تصمیمات و مصوبات'!$B$8:$B$1007,MATCH(M14,'07-تصمیمات و مصوبات'!$A$8:$A$1007,0)),"")=D14))),"معتبر","نتیجه یا شواهد ناقص"))) -> نتیجه یا شواهد ناقص
A15: CON-NIPCO-EMS-2 | B15: NIPCO | C15: P-BASE | D15: MR-NIPCO-BASE | E15: واقعی؛ نیازمند تأیید | F15: EMS | G15: کفایت | J15: نیازمند اطلاعات تکمیلی | L15: تعیین نشده | P15: =IF(A15="","",IF(NOT(AND(COUNTIFS('06-نتایج بازنگری'!$A$8:$A$1007,A15)=1,AND(COUNTIFS('17-جلسات و دوره‌ها'!$A$8:$A$1007,D15)=1,IFERROR(INDEX('17-جلسات و دوره‌ها'!$B$8:$B$1007,MATCH(D15,'17-جلسات و دوره‌ها'!$A$8:$A$1007,0)),"")=B15,IFERROR(INDEX('17-جلسات و دوره‌ها'!$C$8:$C$1007,MATCH(D15,'17-جلسات و دوره‌ها'!$A$8:$A$1007,0)),"")=C15))),"شناسه یا جلسه نامعتبر",IF(AND(AND(COUNTIFS('14-مستندات و پیوست‌ها'!$A$8:$A$1007,H15)=1,IFERROR(INDEX('14-مستندات و پیوست‌ها'!$B$8:$B$1007,MATCH(H15,'14-مستندات و پیوست‌ها'!$A$8:$A$1007,0)),"")=B15,OR(IFERROR(INDEX('14-مستندات و پیوست‌ها'!$H$8:$H$1007,MATCH(H15,'14-مستندات و پیوست‌ها'!$A$8:$A$1007,0)),"")="دریافت شده",IFERROR(INDEX('14-مستندات و پیوست‌ها'!$H$8:$H$1007,MATCH(H15,'14-مستندات و پیوست‌ها'!$A$8:$A$1007,0)),"")="فرضی")),I15<>"",K15<>"",N15<>"",ISNUMBER(O15),J15<>"نیازمند اطلاعات تکمیلی",OR(L15="خیر",AND(L15="بله",COUNTIFS('07-تصمیمات و مصوبات'!$A$8:$A$1007,M15)=1,IFERROR(INDEX('07-تصمیمات و مصوبات'!$B$8:$B$1007,MATCH(M15,'07-تصمیمات و مصوبات'!$A$8:$A$1007,0)),"")=D15))),"معتبر","نتیجه یا شواهد ناقص"))) -> نتیجه یا شواهد ناقص
A16: CON-NIPCO-EMS-3 | B16: NIPCO | C16: P-BASE | D16: MR-NIPCO-BASE | E16: واقعی؛ نیازمند تأیید | F16: EMS | G16: اثربخشی | J16: نیازمند اطلاعات تکمیلی | L16: تعیین نشده | P16: =IF(A16="","",IF(NOT(AND(COUNTIFS('06-نتایج بازنگری'!$A$8:$A$1007,A16)=1,AND(COUNTIFS('17-جلسات و دوره‌ها'!$A$8:$A$1007,D16)=1,IFERROR(INDEX('17-جلسات و دوره‌ها'!$B$8:$B$1007,MATCH(D16,'17-جلسات و دوره‌ها'!$A$8:$A$1007,0)),"")=B16,IFERROR(INDEX('17-جلسات و دوره‌ها'!$C$8:$C$1007,MATCH(D16,'17-جلسات و دوره‌ها'!$A$8:$A$1007,0)),"")=C16))),"شناسه یا جلسه نامعتبر",IF(AND(AND(COUNTIFS('14-مستندات و پیوست‌ها'!$A$8:$A$1007,H16)=1,IFERROR(INDEX('14-مستندات و پیوست‌ها'!$B$8:$B$1007,MATCH(H16,'14-مستندات و پیوست‌ها'!$A$8:$A$1007,0)),"")=B16,OR(IFERROR(INDEX('14-مستندات و پیوست‌ها'!$H$8:$H$1007,MATCH(H16,'14-مستندات و پیوست‌ها'!$A$8:$A$1007,0)),"")="دریافت شده",IFERROR(INDEX('14-مستندات و پیوست‌ها'!$H$8:$H$1007,MATCH(H16,'14-مستندات و پیوست‌ها'!$A$8:$A$1007,0)),"")="فرضی")),I16<>"",K16<>"",N16<>"",ISNUMBER(O16),J16<>"نیازمند اطلاعات تکمیلی",OR(L16="خیر",AND(L16="بله",COUNTIFS('07-تصمیمات و مصوبات'!$A$8:$A$1007,M16)=1,IFERROR(INDEX('07-تصمیمات و مصوبات'!$B$8:$B$1007,MATCH(M16,'07-تصمیمات و مصوبات'!$A$8:$A$1007,0)),"")=D16))),"معتبر","نتیجه یا شواهد ناقص"))) -> نتیجه یا شواهد ناقص
A17: CON-NIPCO-OHS-1 | B17: NIPCO | C17: P-BASE | D17: MR-NIPCO-BASE | E17: واقعی؛ نیازمند تأیید | F17: OHS | G17: تناسب | J17: نیازمند اطلاعات تکمیلی | L17: تعیین نشده | P17: =IF(A17="","",IF(NOT(AND(COUNTIFS('06-نتایج بازنگری'!$A$8:$A$1007,A17)=1,AND(COUNTIFS('17-جلسات و دوره‌ها'!$A$8:$A$1007,D17)=1,IFERROR(INDEX('17-جلسات و دوره‌ها'!$B$8:$B$1007,MATCH(D17,'17-جلسات و دوره‌ها'!$A$8:$A$1007,0)),"")=B17,IFERROR(INDEX('17-جلسات و دوره‌ها'!$C$8:$C$1007,MATCH(D17,'17-جلسات و دوره‌ها'!$A$8:$A$1007,0)),"")=C17))),"شناسه یا جلسه نامعتبر",IF(AND(AND(COUNTIFS('14-مستندات و پیوست‌ها'!$A$8:$A$1007,H17)=1,IFERROR(INDEX('14-مستندات و پیوست‌ها'!$B$8:$B$1007,MATCH(H17,'14-مستندات و پیوست‌ها'!$A$8:$A$1007,0)),"")=B17,OR(IFERROR(INDEX('14-مستندات و پیوست‌ها'!$H$8:$H$1007,MATCH(H17,'14-مستندات و پیوست‌ها'!$A$8:$A$1007,0)),"")="دریافت شده",IFERROR(INDEX('14-مستندات و پیوست‌ها'!$H$8:$H$1007,MATCH(H17,'14-مستندات و پیوست‌ها'!$A$8:$A$1007,0)),"")="فرضی")),I17<>"",K17<>"",N17<>"",ISNUMBER(O17),J17<>"نیازمند اطلاعات تکمیلی",OR(L17="خیر",AND(L17="بله",COUNTIFS('07-تصمیمات و مصوبات'!$A$8:$A$1007,M17)=1,IFERROR(INDEX('07-تصمیمات و مصوبات'!$B$8:$B$1007,MATCH(M17,'07-تصمیمات و مصوبات'!$A$8:$A$1007,0)),"")=D17))),"معتبر","نتیجه یا شواهد ناقص"))) -> نتیجه یا شواهد ناقص
A18: CON-NIPCO-OHS-2 | B18: NIPCO | C18: P-BASE | D18: MR-NIPCO-BASE | E18: واقعی؛ نیازمند تأیید | F18: OHS | G18: کفایت | J18: نیازمند اطلاعات تکمیلی | L18: تعیین نشده | P18: =IF(A18="","",IF(NOT(AND(COUNTIFS('06-نتایج بازنگری'!$A$8:$A$1007,A18)=1,AND(COUNTIFS('17-جلسات و دوره‌ها'!$A$8:$A$1007,D18)=1,IFERROR(INDEX('17-جلسات و دوره‌ها'!$B$8:$B$1007,MATCH(D18,'17-جلسات و دوره‌ها'!$A$8:$A$1007,0)),"")=B18,IFERROR(INDEX('17-جلسات و دوره‌ها'!$C$8:$C$1007,MATCH(D18,'17-جلسات و دوره‌ها'!$A$8:$A$1007,0)),"")=C18))),"شناسه یا جلسه نامعتبر",IF(AND(AND(COUNTIFS('14-مستندات و پیوست‌ها'!$A$8:$A$1007,H18)=1,IFERROR(INDEX('14-مستندات و پیوست‌ها'!$B$8:$B$1007,MATCH(H18,'14-مستندات و پیوست‌ها'!$A$8:$A$1007,0)),"")=B18,OR(IFERROR(INDEX('14-مستندات و پیوست‌ها'!$H$8:$H$1007,MATCH(H18,'14-مستندات و پیوست‌ها'!$A$8:$A$1007,0)),"")="دریافت شده",IFERROR(INDEX('14-مستندات و پیوست‌ها'!$H$8:$H$1007,MATCH(H18,'14-مستندات و پیوست‌ها'!$A$8:$A$1007,0)),"")="فرضی")),I18<>"",K18<>"",N18<>"",ISNUMBER(O18),J18<>"نیازمند اطلاعات تکمیلی",OR(L18="خیر",AND(L18="بله",COUNTIFS('07-تصمیمات و مصوبات'!$A$8:$A$1007,M18)=1,IFERROR(INDEX('07-تصمیمات و مصوبات'!$B$8:$B$1007,MATCH(M18,'07-تصمیمات و مصوبات'!$A$8:$A$1007,0)),"")=D18))),"معتبر","نتیجه یا شواهد ناقص"))) -> نتیجه یا شواهد ناقص
A19: CON-NIPCO-OHS-3 | B19: NIPCO | C19: P-BASE | D19: MR-NIPCO-BASE | E19: واقعی؛ نیازمند تأیید | F19: OHS | G19: اثربخشی | J19: نیازمند اطلاعات تکمیلی | L19: تعیین نشده | P19: =IF(A19="","",IF(NOT(AND(COUNTIFS('06-نتایج بازنگری'!$A$8:$A$1007,A19)=1,AND(COUNTIFS('17-جلسات و دوره‌ها'!$A$8:$A$1007,D19)=1,IFERROR(INDEX('17-جلسات و دوره‌ها'!$B$8:$B$1007,MATCH(D19,'17-جلسات و دوره‌ها'!$A$8:$A$1007,0)),"")=B19,IFERROR(INDEX('17-جلسات و دوره‌ها'!$C$8:$C$1007,MATCH(D19,'17-جلسات و دوره‌ها'!$A$8:$A$1007,0)),"")=C19))),"شناسه یا جلسه نامعتبر",IF(AND(AND(COUNTIFS('14-مستندات و پیوست‌ها'!$A$8:$A$1007,H19)=1,IFERROR(INDEX('14-مستندات و پیوست‌ها'!$B$8:$B$1007,MATCH(H19,'14-مستندات و پیوست‌ها'!$A$8:$A$1007,0)),"")=B19,OR(IFERROR(INDEX('14-مستندات و پیوست‌ها'!$H$8:$H$1007,MATCH(H19,'14-مستندات و پیوست‌ها'!$A$8:$A$1007,0)),"")="دریافت شده",IFERROR(INDEX('14-مستندات و پیوست‌ها'!$H$8:$H$1007,MATCH(H19,'14-مستندات و پیوست‌ها'!$A$8:$A$1007,0)),"")="فرضی")),I19<>"",K19<>"",N19<>"",ISNUMBER(O19),J19<>"نیازمند اطلاعات تکمیلی",OR(L19="خیر",AND(L19="بله",COUNTIFS('07-تصمیمات و مصوبات'!$A$8:$A$1007,M19)=1,IFERROR(INDEX('07-تصمیمات و مصوبات'!$B$8:$B$1007,MATCH(M19,'07-تصمیمات و مصوبات'!$A$8:$A$1007,0)),"")=D19))),"معتبر","نتیجه یا شواهد ناقص"))) -> نتیجه یا شواهد ناقص
A20: CON-DEMO-QMS-1 | B20: DEMO | C20: P-DEMO | D20: MR-DEMO-01 | E20: فرضی؛ صرفاً آموزش | F20: QMS | G20: تناسب | H20: DOC-DEMO | I20: تحلیل نمونه | J20: نیازمند اطلاعات تکمیلی | L20: تعیین نشده | P20: =IF(A20="","",IF(NOT(AND(COUNTIFS('06-نتایج بازنگری'!$A$8:$A$1007,A20)=1,AND(COUNTIFS('17-جلسات و دوره‌ها'!$A$8:$A$1007,D20)=1,IFERROR(INDEX('17-جلسات و دوره‌ها'!$B$8:$B$1007,MATCH(D20,'17-جلسات و دوره‌ها'!$A$8:$A$1007,0)),"")=B20,IFERROR(INDEX('17-جلسات و دوره‌ها'!$C$8:$C$1007,MATCH(D20,'17-جلسات و دوره‌ها'!$A$8:$A$1007,0)),"")=C20))),"شناسه یا جلسه نامعتبر",IF(AND(AND(COUNTIFS('14-مستندات و پیوست‌ها'!$A$8:$A$1007,H20)=1,IFERROR(INDEX('14-مستندات و پیوست‌ها'!$B$8:$B$1007,MATCH(H20,'14-مستندات و پیوست‌ها'!$A$8:$A$1007,0)),"")=B20,OR(IFERROR(INDEX('14-مستندات و پیوست‌ها'!$H$8:$H$1007,MATCH(H20,'14-مستندات و پیوست‌ها'!$A$8:$A$1007,0)),"")="دریافت شده",IFERROR(INDEX('14-مستندات و پیوست‌ها'!$H$8:$H$1007,MATCH(H20,'14-مستندات و پیوست‌ها'!$A$8:$A$1007,0)),"")="فرضی")),I20<>"",K20<>"",N20<>"",ISNUMBER(O20),J20<>"نیازمند اطلاعات تکمیلی",OR(L20="خیر",AND(L20="بله",COUNTIFS('07-تصمیمات و مصوبات'!$A$8:$A$1007,M20)=1,IFERROR(INDEX('07-تصمیمات و مصوبات'!$B$8:$B$1007,MATCH(M20,'07-تصمیمات و مصوبات'!$A$8:$A$1007,0)),"")=D20))),"معتبر","نتیجه یا شواهد ناقص"))) -> نتیجه یا شواهد ناقص
A21: CON-DEMO-QMS-2 | B21: DEMO | C21: P-DEMO | D21: MR-DEMO-01 | E21: فرضی؛ صرفاً آموزش | F21: QMS | G21: کفایت | H21: DOC-DEMO | I21: تحلیل نمونه | J21: نیازمند اطلاعات تکمیلی | L21: تعیین نشده | P21: =IF(A21="","",IF(NOT(AND(COUNTIFS('06-نتایج بازنگری'!$A$8:$A$1007,A21)=1,AND(COUNTIFS('17-جلسات و دوره‌ها'!$A$8:$A$1007,D21)=1,IFERROR(INDEX('17-جلسات و دوره‌ها'!$B$8:$B$1007,MATCH(D21,'17-جلسات و دوره‌ها'!$A$8:$A$1007,0)),"")=B21,IFERROR(INDEX('17-جلسات و دوره‌ها'!$C$8:$C$1007,MATCH(D21,'17-جلسات و دوره‌ها'!$A$8:$A$1007,0)),"")=C21))),"شناسه یا جلسه نامعتبر",IF(AND(AND(COUNTIFS('14-مستندات و پیوست‌ها'!$A$8:$A$1007,H21)=1,IFERROR(INDEX('14-مستندات و پیوست‌ها'!$B$8:$B$1007,MATCH(H21,'14-مستندات و پیوست‌ها'!$A$8:$A$1007,0)),"")=B21,OR(IFERROR(INDEX('14-مستندات و پیوست‌ها'!$H$8:$H$1007,MATCH(H21,'14-مستندات و پیوست‌ها'!$A$8:$A$1007,0)),"")="دریافت شده",IFERROR(INDEX('14-مستندات و پیوست‌ها'!$H$8:$H$1007,MATCH(H21,'14-مستندات و پیوست‌ها'!$A$8:$A$1007,0)),"")="فرضی")),I21<>"",K21<>"",N21<>"",ISNUMBER(O21),J21<>"نیازمند اطلاعات تکمیلی",OR(L21="خیر",AND(L21="بله",COUNTIFS('07-تصمیمات و مصوبات'!$A$8:$A$1007,M21)=1,IFERROR(INDEX('07-تصمیمات و مصوبات'!$B$8:$B$1007,MATCH(M21,'07-تصمیمات و مصوبات'!$A$8:$A$1007,0)),"")=D21))),"معتبر","نتیجه یا شواهد ناقص"))) -> نتیجه یا شواهد ناقص
A22: CON-DEMO-QMS-3 | B22: DEMO | C22: P-DEMO | D22: MR-DEMO-01 | E22: فرضی؛ صرفاً آموزش | F22: QMS | G22: اثربخشی | H22: DOC-DEMO | I22: تحلیل نمونه | J22: نیازمند اطلاعات تکمیلی | L22: تعیین نشده | P22: =IF(A22="","",IF(NOT(AND(COUNTIFS('06-نتایج بازنگری'!$A$8:$A$1007,A22)=1,AND(COUNTIFS('17-جلسات و دوره‌ها'!$A$8:$A$1007,D22)=1,IFERROR(INDEX('17-جلسات و دوره‌ها'!$B$8:$B$1007,MATCH(D22,'17-جلسات و دوره‌ها'!$A$8:$A$1007,0)),"")=B22,IFERROR(INDEX('17-جلسات و دوره‌ها'!$C$8:$C$1007,MATCH(D22,'17-جلسات و دوره‌ها'!$A$8:$A$1007,0)),"")=C22))),"شناسه یا جلسه نامعتبر",IF(AND(AND(COUNTIFS('14-مستندات و پیوست‌ها'!$A$8:$A$1007,H22)=1,IFERROR(INDEX('14-مستندات و پیوست‌ها'!$B$8:$B$1007,MATCH(H22,'14-مستندات و پیوست‌ها'!$A$8:$A$1007,0)),"")=B22,OR(IFERROR(INDEX('14-مستندات و پیوست‌ها'!$H$8:$H$1007,MATCH(H22,'14-مستندات و پیوست‌ها'!$A$8:$A$1007,0)),"")="دریافت شده",IFERROR(INDEX('14-مستندات و پیوست‌ها'!$H$8:$H$1007,MATCH(H22,'14-مستندات و پیوست‌ها'!$A$8:$A$1007,0)),"")="فرضی")),I22<>"",K22<>"",N22<>"",ISNUMBER(O22),J22<>"نیازمند اطلاعات تکمیلی",OR(L22="خیر",AND(L22="بله",COUNTIFS('07-تصمیمات و مصوبات'!$A$8:$A$1007,M22)=1,IFERROR(INDEX('07-تصمیمات و مصوبات'!$B$8:$B$1007,MATCH(M22,'07-تصمیمات و مصوبات'!$A$8:$A$1007,0)),"")=D22))),"معتبر","نتیجه یا شواهد ناقص"))) -> نتیجه یا شواهد ناقص
A23: CON-DEMO-IATF-1 | B23: DEMO | C23: P-DEMO | D23: MR-DEMO-01 | E23: فرضی؛ صرفاً آموزش | F23: IATF | G23: تناسب | H23: DOC-DEMO | I23: تحلیل نمونه | J23: نیازمند اطلاعات تکمیلی | L23: تعیین نشده | P23: =IF(A23="","",IF(NOT(AND(COUNTIFS('06-نتایج بازنگری'!$A$8:$A$1007,A23)=1,AND(COUNTIFS('17-جلسات و دوره‌ها'!$A$8:$A$1007,D23)=1,IFERROR(INDEX('17-جلسات و دوره‌ها'!$B$8:$B$1007,MATCH(D23,'17-جلسات و دوره‌ها'!$A$8:$A$1007,0)),"")=B23,IFERROR(INDEX('17-جلسات و دوره‌ها'!$C$8:$C$1007,MATCH(D23,'17-جلسات و دوره‌ها'!$A$8:$A$1007,0)),"")=C23))),"شناسه یا جلسه نامعتبر",IF(AND(AND(COUNTIFS('14-مستندات و پیوست‌ها'!$A$8:$A$1007,H23)=1,IFERROR(INDEX('14-مستندات و پیوست‌ها'!$B$8:$B$1007,MATCH(H23,'14-مستندات و پیوست‌ها'!$A$8:$A$1007,0)),"")=B23,OR(IFERROR(INDEX('14-مستندات و پیوست‌ها'!$H$8:$H$1007,MATCH(H23,'14-مستندات و پیوست‌ها'!$A$8:$A$1007,0)),"")="دریافت شده",IFERROR(INDEX('14-مستندات و پیوست‌ها'!$H$8:$H$1007,MATCH(H23,'14-مستندات و پیوست‌ها'!$A$8:$A$1007,0)),"")="فرضی")),I23<>"",K23<>"",N23<>"",ISNUMBER(O23),J23<>"نیازمند اطلاعات تکمیلی",OR(L23="خیر",AND(L23="بله",COUNTIFS('07-تصمیمات و مصوبات'!$A$8:$A$1007,M23)=1,IFERROR(INDEX('07-تصمیمات و مصوبات'!$B$8:$B$1007,MATCH(M23,'07-تصمیمات و مصوبات'!$A$8:$A$1007,0)),"")=D23))),"معتبر","نتیجه یا شواهد ناقص"))) -> نتیجه یا شواهد ناقص
A24: CON-DEMO-IATF-2 | B24: DEMO | C24: P-DEMO | D24: MR-DEMO-01 | E24: فرضی؛ صرفاً آموزش | F24: IATF | G24: کفایت | H24: DOC-DEMO | I24: تحلیل نمونه | J24: نیازمند اطلاعات تکمیلی | L24: تعیین نشده | P24: =IF(A24="","",IF(NOT(AND(COUNTIFS('06-نتایج بازنگری'!$A$8:$A$1007,A24)=1,AND(COUNTIFS('17-جلسات و دوره‌ها'!$A$8:$A$1007,D24)=1,IFERROR(INDEX('17-جلسات و دوره‌ها'!$B$8:$B$1007,MATCH(D24,'17-جلسات و دوره‌ها'!$A$8:$A$1007,0)),"")=B24,IFERROR(INDEX('17-جلسات و دوره‌ها'!$C$8:$C$1007,MATCH(D24,'17-جلسات و دوره‌ها'!$A$8:$A$1007,0)),"")=C24))),"شناسه یا جلسه نامعتبر",IF(AND(AND(COUNTIFS('14-مستندات و پیوست‌ها'!$A$8:$A$1007,H24)=1,IFERROR(INDEX('14-مستندات و پیوست‌ها'!$B$8:$B$1007,MATCH(H24,'14-مستندات و پیوست‌ها'!$A$8:$A$1007,0)),"")=B24,OR(IFERROR(INDEX('14-مستندات و پیوست‌ها'!$H$8:$H$1007,MATCH(H24,'14-مستندات و پیوست‌ها'!$A$8:$A$1007,0)),"")="دریافت شده",IFERROR(INDEX('14-مستندات و پیوست‌ها'!$H$8:$H$1007,MATCH(H24,'14-مستندات و پیوست‌ها'!$A$8:$A$1007,0)),"")="فرضی")),I24<>"",K24<>"",N24<>"",ISNUMBER(O24),J24<>"نیازمند اطلاعات تکمیلی",OR(L24="خیر",AND(L24="بله",COUNTIFS('07-تصمیمات و مصوبات'!$A$8:$A$1007,M24)=1,IFERROR(INDEX('07-تصمیمات و مصوبات'!$B$8:$B$1007,MATCH(M24,'07-تصمیمات و مصوبات'!$A$8:$A$1007,0)),"")=D24))),"معتبر","نتیجه یا شواهد ناقص"))) -> نتیجه یا شواهد ناقص
A25: CON-DEMO-IATF-3 | B25: DEMO | C25: P-DEMO | D25: MR-DEMO-01 | E25: فرضی؛ صرفاً آموزش | F25: IATF | G25: اثربخشی | H25: DOC-DEMO | I25: تحلیل نمونه | J25: نیازمند اطلاعات تکمیلی | L25: تعیین نشده | P25: =IF(A25="","",IF(NOT(AND(COUNTIFS('06-نتایج بازنگری'!$A$8:$A$1007,A25)=1,AND(COUNTIFS('17-جلسات و دوره‌ها'!$A$8:$A$1007,D25)=1,IFERROR(INDEX('17-جلسات و دوره‌ها'!$B$8:$B$1007,MATCH(D25,'17-جلسات و دوره‌ها'!$A$8:$A$1007,0)),"")=B25,IFERROR(INDEX('17-جلسات و دوره‌ها'!$C$8:$C$1007,MATCH(D25,'17-جلسات و دوره‌ها'!$A$8:$A$1007,0)),"")=C25))),"شناسه یا جلسه نامعتبر",IF(AND(AND(COUNTIFS('14-مستندات و پیوست‌ها'!$A$8:$A$1007,H25)=1,IFERROR(INDEX('14-مستندات و پیوست‌ها'!$B$8:$B$1007,MATCH(H25,'14-مستندات و پیوست‌ها'!$A$8:$A$1007,0)),"")=B25,OR(IFERROR(INDEX('14-مستندات و پیوست‌ها'!$H$8:$H$1007,MATCH(H25,'14-مستندات و پیوست‌ها'!$A$8:$A$1007,0)),"")="دریافت شده",IFERROR(INDEX('14-مستندات و پیوست‌ها'!$H$8:$H$1007,MATCH(H25,'14-مستندات و پیوست‌ها'!$A$8:$A$1007,0)),"")="فرضی")),I25<>"",K25<>"",N25<>"",ISNUMBER(O25),J25<>"نیازمند اطلاعات تکمیلی",OR(L25="خیر",AND(L25="بله",COUNTIFS('07-تصمیمات و مصوبات'!$A$8:$A$1007,M25)=1,IFERROR(INDEX('07-تصمیمات و مصوبات'!$B$8:$B$1007,MATCH(M25,'07-تصمیمات و مصوبات'!$A$8:$A$1007,0)),"")=D25))),"معتبر","نتیجه یا شواهد ناقص"))) -> نتیجه یا شواهد ناقص
A26: CON-DEMO-EMS-1 | B26: DEMO | C26: P-DEMO | D26: MR-DEMO-01 | E26: فرضی؛ صرفاً آموزش | F26: EMS | G26: تناسب | H26: DOC-DEMO | I26: تحلیل نمونه | J26: نیازمند اطلاعات تکمیلی | L26: تعیین نشده | P26: =IF(A26="","",IF(NOT(AND(COUNTIFS('06-نتایج بازنگری'!$A$8:$A$1007,A26)=1,AND(COUNTIFS('17-جلسات و دوره‌ها'!$A$8:$A$1007,D26)=1,IFERROR(INDEX('17-جلسات و دوره‌ها'!$B$8:$B$1007,MATCH(D26,'17-جلسات و دوره‌ها'!$A$8:$A$1007,0)),"")=B26,IFERROR(INDEX('17-جلسات و دوره‌ها'!$C$8:$C$1007,MATCH(D26,'17-جلسات و دوره‌ها'!$A$8:$A$1007,0)),"")=C26))),"شناسه یا جلسه نامعتبر",IF(AND(AND(COUNTIFS('14-مستندات و پیوست‌ها'!$A$8:$A$1007,H26)=1,IFERROR(INDEX('14-مستندات و پیوست‌ها'!$B$8:$B$1007,MATCH(H26,'14-مستندات و پیوست‌ها'!$A$8:$A$1007,0)),"")=B26,OR(IFERROR(INDEX('14-مستندات و پیوست‌ها'!$H$8:$H$1007,MATCH(H26,'14-مستندات و پیوست‌ها'!$A$8:$A$1007,0)),"")="دریافت شده",IFERROR(INDEX('14-مستندات و پیوست‌ها'!$H$8:$H$1007,MATCH(H26,'14-مستندات و پیوست‌ها'!$A$8:$A$1007,0)),"")="فرضی")),I26<>"",K26<>"",N26<>"",ISNUMBER(O26),J26<>"نیازمند اطلاعات تکمیلی",OR(L26="خیر",AND(L26="بله",COUNTIFS('07-تصمیمات و مصوبات'!$A$8:$A$1007,M26)=1,IFERROR(INDEX('07-تصمیمات و مصوبات'!$B$8:$B$1007,MATCH(M26,'07-تصمیمات و مصوبات'!$A$8:$A$1007,0)),"")=D26))),"معتبر","نتیجه یا شواهد ناقص"))) -> نتیجه یا شواهد ناقص
A27: CON-DEMO-EMS-2 | B27: DEMO | C27: P-DEMO | D27: MR-DEMO-01 | E27: فرضی؛ صرفاً آموزش | F27: EMS | G27: کفایت | H27: DOC-DEMO | I27: تحلیل نمونه | J27: نیازمند اطلاعات تکمیلی | L27: تعیین نشده | P27: =IF(A27="","",IF(NOT(AND(COUNTIFS('06-نتایج بازنگری'!$A$8:$A$1007,A27)=1,AND(COUNTIFS('17-جلسات و دوره‌ها'!$A$8:$A$1007,D27)=1,IFERROR(INDEX('17-جلسات و دوره‌ها'!$B$8:$B$1007,MATCH(D27,'17-جلسات و دوره‌ها'!$A$8:$A$1007,0)),"")=B27,IFERROR(INDEX('17-جلسات و دوره‌ها'!$C$8:$C$1007,MATCH(D27,'17-جلسات و دوره‌ها'!$A$8:$A$1007,0)),"")=C27))),"شناسه یا جلسه نامعتبر",IF(AND(AND(COUNTIFS('14-مستندات و پیوست‌ها'!$A$8:$A$1007,H27)=1,IFERROR(INDEX('14-مستندات و پیوست‌ها'!$B$8:$B$1007,MATCH(H27,'14-مستندات و پیوست‌ها'!$A$8:$A$1007,0)),"")=B27,OR(IFERROR(INDEX('14-مستندات و پیوست‌ها'!$H$8:$H$1007,MATCH(H27,'14-مستندات و پیوست‌ها'!$A$8:$A$1007,0)),"")="دریافت شده",IFERROR(INDEX('14-مستندات و پیوست‌ها'!$H$8:$H$1007,MATCH(H27,'14-مستندات و پیوست‌ها'!$A$8:$A$1007,0)),"")="فرضی")),I27<>"",K27<>"",N27<>"",ISNUMBER(O27),J27<>"نیازمند اطلاعات تکمیلی",OR(L27="خیر",AND(L27="بله",COUNTIFS('07-تصمیمات و مصوبات'!$A$8:$A$1007,M27)=1,IFERROR(INDEX('07-تصمیمات و مصوبات'!$B$8:$B$1007,MATCH(M27,'07-تصمیمات و مصوبات'!$A$8:$A$1007,0)),"")=D27))),"معتبر","نتیجه یا شواهد ناقص"))) -> نتیجه یا شواهد ناقص
A28: CON-DEMO-EMS-3 | B28: DEMO | C28: P-DEMO | D28: MR-DEMO-01 | E28: فرضی؛ صرفاً آموزش | F28: EMS | G28: اثربخشی | H28: DOC-DEMO | I28: تحلیل نمونه | J28: نیازمند اطلاعات تکمیلی | L28: تعیین نشده | P28: =IF(A28="","",IF(NOT(AND(COUNTIFS('06-نتایج بازنگری'!$A$8:$A$1007,A28)=1,AND(COUNTIFS('17-جلسات و دوره‌ها'!$A$8:$A$1007,D28)=1,IFERROR(INDEX('17-جلسات و دوره‌ها'!$B$8:$B$1007,MATCH(D28,'17-جلسات و دوره‌ها'!$A$8:$A$1007,0)),"")=B28,IFERROR(INDEX('17-جلسات و دوره‌ها'!$C$8:$C$1007,MATCH(D28,'17-جلسات و دوره‌ها'!$A$8:$A$1007,0)),"")=C28))),"شناسه یا جلسه نامعتبر",IF(AND(AND(COUNTIFS('14-مستندات و پیوست‌ها'!$A$8:$A$1007,H28)=1,IFERROR(INDEX('14-مستندات و پیوست‌ها'!$B$8:$B$1007,MATCH(H28,'14-مستندات و پیوست‌ها'!$A$8:$A$1007,0)),"")=B28,OR(IFERROR(INDEX('14-مستندات و پیوست‌ها'!$H$8:$H$1007,MATCH(H28,'14-مستندات و پیوست‌ها'!$A$8:$A$1007,0)),"")="دریافت شده",IFERROR(INDEX('14-مستندات و پیوست‌ها'!$H$8:$H$1007,MATCH(H28,'14-مستندات و پیوست‌ها'!$A$8:$A$1007,0)),"")="فرضی")),I28<>"",K28<>"",N28<>"",ISNUMBER(O28),J28<>"نیازمند اطلاعات تکمیلی",OR(L28="خیر",AND(L28="بله",COUNTIFS('07-تصمیمات و مصوبات'!$A$8:$A$1007,M28)=1,IFERROR(INDEX('07-تصمیمات و مصوبات'!$B$8:$B$1007,MATCH(M28,'07-تصمیمات و مصوبات'!$A$8:$A$1007,0)),"")=D28))),"معتبر","نتیجه یا شواهد ناقص"))) -> نتیجه یا شواهد ناقص
A29: CON-DEMO-OHS-1 | B29: DEMO | C29: P-DEMO | D29: MR-DEMO-01 | E29: فرضی؛ صرفاً آموزش | F29: OHS | G29: تناسب | H29: DOC-DEMO | I29: تحلیل نمونه | J29: نیازمند اطلاعات تکمیلی | L29: تعیین نشده | P29: =IF(A29="","",IF(NOT(AND(COUNTIFS('06-نتایج بازنگری'!$A$8:$A$1007,A29)=1,AND(COUNTIFS('17-جلسات و دوره‌ها'!$A$8:$A$1007,D29)=1,IFERROR(INDEX('17-جلسات و دوره‌ها'!$B$8:$B$1007,MATCH(D29,'17-جلسات و دوره‌ها'!$A$8:$A$1007,0)),"")=B29,IFERROR(INDEX('17-جلسات و دوره‌ها'!$C$8:$C$1007,MATCH(D29,'17-جلسات و دوره‌ها'!$A$8:$A$1007,0)),"")=C29))),"شناسه یا جلسه نامعتبر",IF(AND(AND(COUNTIFS('14-مستندات و پیوست‌ها'!$A$8:$A$1007,H29)=1,IFERROR(INDEX('14-مستندات و پیوست‌ها'!$B$8:$B$1007,MATCH(H29,'14-مستندات و پیوست‌ها'!$A$8:$A$1007,0)),"")=B29,OR(IFERROR(INDEX('14-مستندات و پیوست‌ها'!$H$8:$H$1007,MATCH(H29,'14-مستندات و پیوست‌ها'!$A$8:$A$1007,0)),"")="دریافت شده",IFERROR(INDEX('14-مستندات و پیوست‌ها'!$H$8:$H$1007,MATCH(H29,'14-مستندات و پیوست‌ها'!$A$8:$A$1007,0)),"")="فرضی")),I29<>"",K29<>"",N29<>"",ISNUMBER(O29),J29<>"نیازمند اطلاعات تکمیلی",OR(L29="خیر",AND(L29="بله",COUNTIFS('07-تصمیمات و مصوبات'!$A$8:$A$1007,M29)=1,IFERROR(INDEX('07-تصمیمات و مصوبات'!$B$8:$B$1007,MATCH(M29,'07-تصمیمات و مصوبات'!$A$8:$A$1007,0)),"")=D29))),"معتبر","نتیجه یا شواهد ناقص"))) -> نتیجه یا شواهد ناقص
A30: CON-DEMO-OHS-2 | B30: DEMO | C30: P-DEMO | D30: MR-DEMO-01 | E30: فرضی؛ صرفاً آموزش | F30: OHS | G30: کفایت | H30: DOC-DEMO | I30: تحلیل نمونه | J30: نیازمند اطلاعات تکمیلی | L30: تعیین نشده | P30: =IF(A30="","",IF(NOT(AND(COUNTIFS('06-نتایج بازنگری'!$A$8:$A$1007,A30)=1,AND(COUNTIFS('17-جلسات و دوره‌ها'!$A$8:$A$1007,D30)=1,IFERROR(INDEX('17-جلسات و دوره‌ها'!$B$8:$B$1007,MATCH(D30,'17-جلسات و دوره‌ها'!$A$8:$A$1007,0)),"")=B30,IFERROR(INDEX('17-جلسات و دوره‌ها'!$C$8:$C$1007,MATCH(D30,'17-جلسات و دوره‌ها'!$A$8:$A$1007,0)),"")=C30))),"شناسه یا جلسه نامعتبر",IF(AND(AND(COUNTIFS('14-مستندات و پیوست‌ها'!$A$8:$A$1007,H30)=1,IFERROR(INDEX('14-مستندات و پیوست‌ها'!$B$8:$B$1007,MATCH(H30,'14-مستندات و پیوست‌ها'!$A$8:$A$1007,0)),"")=B30,OR(IFERROR(INDEX('14-مستندات و پیوست‌ها'!$H$8:$H$1007,MATCH(H30,'14-مستندات و پیوست‌ها'!$A$8:$A$1007,0)),"")="دریافت شده",IFERROR(INDEX('14-مستندات و پیوست‌ها'!$H$8:$H$1007,MATCH(H30,'14-مستندات و پیوست‌ها'!$A$8:$A$1007,0)),"")="فرضی")),I30<>"",K30<>"",N30<>"",ISNUMBER(O30),J30<>"نیازمند اطلاعات تکمیلی",OR(L30="خیر",AND(L30="بله",COUNTIFS('07-تصمیمات و مصوبات'!$A$8:$A$1007,M30)=1,IFERROR(INDEX('07-تصمیمات و مصوبات'!$B$8:$B$1007,MATCH(M30,'07-تصمیمات و مصوبات'!$A$8:$A$1007,0)),"")=D30))),"معتبر","نتیجه یا شواهد ناقص"))) -> نتیجه یا شواهد ناقص
A31: CON-DEMO-OHS-3 | B31: DEMO | C31: P-DEMO | D31: MR-DEMO-01 | E31: فرضی؛ صرفاً آموزش | F31: OHS | G31: اثربخشی | H31: DOC-DEMO | I31: تحلیل نمونه | J31: نیازمند اطلاعات تکمیلی | L31: تعیین نشده | P31: =IF(A31="","",IF(NOT(AND(COUNTIFS('06-نتایج بازنگری'!$A$8:$A$1007,A31)=1,AND(COUNTIFS('17-جلسات و دوره‌ها'!$A$8:$A$1007,D31)=1,IFERROR(INDEX('17-جلسات و دوره‌ها'!$B$8:$B$1007,MATCH(D31,'17-جلسات و دوره‌ها'!$A$8:$A$1007,0)),"")=B31,IFERROR(INDEX('17-جلسات و دوره‌ها'!$C$8:$C$1007,MATCH(D31,'17-جلسات و دوره‌ها'!$A$8:$A$1007,0)),"")=C31))),"شناسه یا جلسه نامعتبر",IF(AND(AND(COUNTIFS('14-مستندات و پیوست‌ها'!$A$8:$A$1007,H31)=1,IFERROR(INDEX('14-مستندات و پیوست‌ها'!$B$8:$B$1007,MATCH(H31,'14-مستندات و پیوست‌ها'!$A$8:$A$1007,0)),"")=B31,OR(IFERROR(INDEX('14-مستندات و پیوست‌ها'!$H$8:$H$1007,MATCH(H31,'14-مستندات و پیوست‌ها'!$A$8:$A$1007,0)),"")="دریافت شده",IFERROR(INDEX('14-مستندات و پیوست‌ها'!$H$8:$H$1007,MATCH(H31,'14-مستندات و پیوست‌ها'!$A$8:$A$1007,0)),"")="فرضی")),I31<>"",K31<>"",N31<>"",ISNUMBER(O31),J31<>"نیازمند اطلاعات تکمیلی",OR(L31="خیر",AND(L31="بله",COUNTIFS('07-تصمیمات و مصوبات'!$A$8:$A$1007,M31)=1,IFERROR(INDEX('07-تصمیمات و مصوبات'!$B$8:$B$1007,MATCH(M31,'07-تصمیمات و مصوبات'!$A$8:$A$1007,0)),"")=D31))),"معتبر","نتیجه یا شواهد ناقص"))) -> نتیجه یا شواهد ناقص
P32: =IF(A32="","",IF(NOT(AND(COUNTIFS('06-نتایج بازنگری'!$A$8:$A$1007,A32)=1,AND(COUNTIFS('17-جلسات و دوره‌ها'!$A$8:$A$1007,D32)=1,IFERROR(INDEX('17-جلسات و دوره‌ها'!$B$8:$B$1007,MATCH(D32,'17-جلسات و دوره‌ها'!$A$8:$A$1007,0)),"")=B32,IFERROR(INDEX('17-جلسات و دوره‌ها'!$C$8:$C$1007,MATCH(D32,'17-جلسات و دوره‌ها'!$A$8:$A$1007,0)),"")=C32))),"شناسه یا جلسه نامعتبر",IF(AND(AND(COUNTIFS('14-مستندات و پیوست‌ها'!$A$8:$A$1007,H32)=1,IFERROR(INDEX('14-مستندات و پیوست‌ها'!$B$8:$B$1007,MATCH(H32,'14-مستندات و پیوست‌ها'!$A$8:$A$1007,0)),"")=B32,OR(IFERROR(INDEX('14-مستندات و پیوست‌ها'!$H$8:$H$1007,MATCH(H32,'14-مستندات و پیوست‌ها'!$A$8:$A$1007,0)),"")="دریافت شده",IFERROR(INDEX('14-مستندات و پیوست‌ها'!$H$8:$H$1007,MATCH(H32,'14-مستندات و پیوست‌ها'!$A$8:$A$1007,0)),"")="فرضی")),I32<>"",K32<>"",N32<>"",ISNUMBER(O32),J32<>"نیازمند اطلاعات تکمیلی",OR(L32="خیر",AND(L32="بله",COUNTIFS('07-تصمیمات و مصوبات'!$A$8:$A$1007,M32)=1,IFERROR(INDEX('07-تصمیمات و مصوبات'!$B$8:$B$1007,MATCH(M32,'07-تصمیمات و مصوبات'!$A$8:$A$1007,0)),"")=D32))),"معتبر","نتیجه یا شواهد ناقص")))
P33: =IF(A33="","",IF(NOT(AND(COUNTIFS('06-نتایج بازنگری'!$A$8:$A$1007,A33)=1,AND(COUNTIFS('17-جلسات و دوره‌ها'!$A$8:$A$1007,D33)=1,IFERROR(INDEX('17-جلسات و دوره‌ها'!$B$8:$B$1007,MATCH(D33,'17-جلسات و دوره‌ها'!$A$8:$A$1007,0)),"")=B33,IFERROR(INDEX('17-جلسات و دوره‌ها'!$C$8:$C$1007,MATCH(D33,'17-جلسات و دوره‌ها'!$A$8:$A$1007,0)),"")=C33))),"شناسه یا جلسه نامعتبر",IF(AND(AND(COUNTIFS('14-مستندات و پیوست‌ها'!$A$8:$A$1007,H33)=1,IFERROR(INDEX('14-مستندات و پیوست‌ها'!$B$8:$B$1007,MATCH(H33,'14-مستندات و پیوست‌ها'!$A$8:$A$1007,0)),"")=B33,OR(IFERROR(INDEX('14-مستندات و پیوست‌ها'!$H$8:$H$1007,MATCH(H33,'14-مستندات و پیوست‌ها'!$A$8:$A$1007,0)),"")="دریافت شده",IFERROR(INDEX('14-مستندات و پیوست‌ها'!$H$8:$H$1007,MATCH(H33,'14-مستندات و پیوست‌ها'!$A$8:$A$1007,0)),"")="فرضی")),I33<>"",K33<>"",N33<>"",ISNUMBER(O33),J33<>"نیازمند اطلاعات تکمیلی",OR(L33="خیر",AND(L33="بله",COUNTIFS('07-تصمیمات و مصوبات'!$A$8:$A$1007,M33)=1,IFERROR(INDEX('07-تصمیمات و مصوبات'!$B$8:$B$1007,MATCH(M33,'07-تصمیمات و مصوبات'!$A$8:$A$1007,0)),"")=D33))),"معتبر","نتیجه یا شواهد ناقص")))
P34: =IF(A34="","",IF(NOT(AND(COUNTIFS('06-نتایج بازنگری'!$A$8:$A$1007,A34)=1,AND(COUNTIFS('17-جلسات و دوره‌ها'!$A$8:$A$1007,D34)=1,IFERROR(INDEX('17-جلسات و دوره‌ها'!$B$8:$B$1007,MATCH(D34,'17-جلسات و دوره‌ها'!$A$8:$A$1007,0)),"")=B34,IFERROR(INDEX('17-جلسات و دوره‌ها'!$C$8:$C$1007,MATCH(D34,'17-جلسات و دوره‌ها'!$A$8:$A$1007,0)),"")=C34))),"شناسه یا جلسه نامعتبر",IF(AND(AND(COUNTIFS('14-مستندات و پیوست‌ها'!$A$8:$A$1007,H34)=1,IFERROR(INDEX('14-مستندات و پیوست‌ها'!$B$8:$B$1007,MATCH(H34,'14-مستندات و پیوست‌ها'!$A$8:$A$1007,0)),"")=B34,OR(IFERROR(INDEX('14-مستندات و پیوست‌ها'!$H$8:$H$1007,MATCH(H34,'14-مستندات و پیوست‌ها'!$A$8:$A$1007,0)),"")="دریافت شده",IFERROR(INDEX('14-مستندات و پیوست‌ها'!$H$8:$H$1007,MATCH(H34,'14-مستندات و پیوست‌ها'!$A$8:$A$1007,0)),"")="فرضی")),I34<>"",K34<>"",N34<>"",ISNUMBER(O34),J34<>"نیازمند اطلاعات تکمیلی",OR(L34="خیر",AND(L34="بله",COUNTIFS('07-تصمیمات و مصوبات'!$A$8:$A$1007,M34)=1,IFERROR(INDEX('07-تصمیمات و مصوبات'!$B$8:$B$1007,MATCH(M34,'07-تصمیمات و مصوبات'!$A$8:$A$1007,0)),"")=D34))),"معتبر","نتیجه یا شواهد ناقص")))
P35: =IF(A35="","",IF(NOT(AND(COUNTIFS('06-نتایج بازنگری'!$A$8:$A$1007,A35)=1,AND(COUNTIFS('17-جلسات و دوره‌ها'!$A$8:$A$1007,D35)=1,IFERROR(INDEX('17-جلسات و دوره‌ها'!$B$8:$B$1007,MATCH(D35,'17-جلسات و دوره‌ها'!$A$8:$A$1007,0)),"")=B35,IFERROR(INDEX('17-جلسات و دوره‌ها'!$C$8:$C$1007,MATCH(D35,'17-جلسات و دوره‌ها'!$A$8:$A$1007,0)),"")=C35))),"شناسه یا جلسه نامعتبر",IF(AND(AND(COUNTIFS('14-مستندات و پیوست‌ها'!$A$8:$A$1007,H35)=1,IFERROR(INDEX('14-مستندات و پیوست‌ها'!$B$8:$B$1007,MATCH(H35,'14-مستندات و پیوست‌ها'!$A$8:$A$1007,0)),"")=B35,OR(IFERROR(INDEX('14-مستندات و پیوست‌ها'!$H$8:$H$1007,MATCH(H35,'14-مستندات و پیوست‌ها'!$A$8:$A$1007,0)),"")="دریافت شده",IFERROR(INDEX('14-مستندات و پیوست‌ها'!$H$8:$H$1007,MATCH(H35,'14-مستندات و پیوست‌ها'!$A$8:$A$1007,0)),"")="فرضی")),I35<>"",K35<>"",N35<>"",ISNUMBER(O35),J35<>"نیازمند اطلاعات تکمیلی",OR(L35="خیر",AND(L35="بله",COUNTIFS('07-تصمیمات و مصوبات'!$A$8:$A$1007,M35)=1,IFERROR(INDEX('07-تصمیمات و مصوبات'!$B$8:$B$1007,MATCH(M35,'07-تصمیمات و مصوبات'!$A$8:$A$1007,0)),"")=D35))),"معتبر","نتیجه یا شواهد ناقص")))
P36: =IF(A36="","",IF(NOT(AND(COUNTIFS('06-نتایج بازنگری'!$A$8:$A$1007,A36)=1,AND(COUNTIFS('17-جلسات و دوره‌ها'!$A$8:$A$1007,D36)=1,IFERROR(INDEX('17-جلسات و دوره‌ها'!$B$8:$B$1007,MATCH(D36,'17-جلسات و دوره‌ها'!$A$8:$A$1007,0)),"")=B36,IFERROR(INDEX('17-جلسات و دوره‌ها'!$C$8:$C$1007,MATCH(D36,'17-جلسات و دوره‌ها'!$A$8:$A$1007,0)),"")=C36))),"شناسه یا جلسه نامعتبر",IF(AND(AND(COUNTIFS('14-مستندات و پیوست‌ها'!$A$8:$A$1007,H36)=1,IFERROR(INDEX('14-مستندات و پیوست‌ها'!$B$8:$B$1007,MATCH(H36,'14-مستندات و پیوست‌ها'!$A$8:$A$1007,0)),"")=B36,OR(IFERROR(INDEX('14-مستندات و پیوست‌ها'!$H$8:$H$1007,MATCH(H36,'14-مستندات و پیوست‌ها'!$A$8:$A$1007,0)),"")="دریافت شده",IFERROR(INDEX('14-مستندات و پیوست‌ها'!$H$8:$H$1007,MATCH(H36,'14-مستندات و پیوست‌ها'!$A$8:$A$1007,0)),"")="فرضی")),I36<>"",K36<>"",N36<>"",ISNUMBER(O36),J36<>"نیازمند اطلاعات تکمیلی",OR(L36="خیر",AND(L36="بله",COUNTIFS('07-تصمیمات و مصوبات'!$A$8:$A$1007,M36)=1,IFERROR(INDEX('07-تصمیمات و مصوبات'!$B$8:$B$1007,MATCH(M36,'07-تصمیمات و مصوبات'!$A$8:$A$1007,0)),"")=D36))),"معتبر","نتیجه یا شواهد ناقص")))
P37: =IF(A37="","",IF(NOT(AND(COUNTIFS('06-نتایج بازنگری'!$A$8:$A$1007,A37)=1,AND(COUNTIFS('17-جلسات و دوره‌ها'!$A$8:$A$1007,D37)=1,IFERROR(INDEX('17-جلسات و دوره‌ها'!$B$8:$B$1007,MATCH(D37,'17-جلسات و دوره‌ها'!$A$8:$A$1007,0)),"")=B37,IFERROR(INDEX('17-جلسات و دوره‌ها'!$C$8:$C$1007,MATCH(D37,'17-جلسات و دوره‌ها'!$A$8:$A$1007,0)),"")=C37))),"شناسه یا جلسه نامعتبر",IF(AND(AND(COUNTIFS('14-مستندات و پیوست‌ها'!$A$8:$A$1007,H37)=1,IFERROR(INDEX('14-مستندات و پیوست‌ها'!$B$8:$B$1007,MATCH(H37,'14-مستندات و پیوست‌ها'!$A$8:$A$1007,0)),"")=B37,OR(IFERROR(INDEX('14-مستندات و پیوست‌ها'!$H$8:$H$1007,MATCH(H37,'14-مستندات و پیوست‌ها'!$A$8:$A$1007,0)),"")="دریافت شده",IFERROR(INDEX('14-مستندات و پیوست‌ها'!$H$8:$H$1007,MATCH(H37,'14-مستندات و پیوست‌ها'!$A$8:$A$1007,0)),"")="فرضی")),I37<>"",K37<>"",N37<>"",ISNUMBER(O37),J37<>"نیازمند اطلاعات تکمیلی",OR(L37="خیر",AND(L37="بله",COUNTIFS('07-تصمیمات و مصوبات'!$A$8:$A$1007,M37)=1,IFERROR(INDEX('07-تصمیمات و مصوبات'!$B$8:$B$1007,MATCH(M37,'07-تصمیمات و مصوبات'!$A$8:$A$1007,0)),"")=D37))),"معتبر","نتیجه یا شواهد ناقص")))
P38: =IF(A38="","",IF(NOT(AND(COUNTIFS('06-نتایج بازنگری'!$A$8:$A$1007,A38)=1,AND(COUNTIFS('17-جلسات و دوره‌ها'!$A$8:$A$1007,D38)=1,IFERROR(INDEX('17-جلسات و دوره‌ها'!$B$8:$B$1007,MATCH(D38,'17-جلسات و دوره‌ها'!$A$8:$A$1007,0)),"")=B38,IFERROR(INDEX('17-جلسات و دوره‌ها'!$C$8:$C$1007,MATCH(D38,'17-جلسات و دوره‌ها'!$A$8:$A$1007,0)),"")=C38))),"شناسه یا جلسه نامعتبر",IF(AND(AND(COUNTIFS('14-مستندات و پیوست‌ها'!$A$8:$A$1007,H38)=1,IFERROR(INDEX('14-مستندات و پیوست‌ها'!$B$8:$B$1007,MATCH(H38,'14-مستندات و پیوست‌ها'!$A$8:$A$1007,0)),"")=B38,OR(IFERROR(INDEX('14-مستندات و پیوست‌ها'!$H$8:$H$1007,MATCH(H38,'14-مستندات و پیوست‌ها'!$A$8:$A$1007,0)),"")="دریافت شده",IFERROR(INDEX('14-مستندات و پیوست‌ها'!$H$8:$H$1007,MATCH(H38,'14-مستندات و پیوست‌ها'!$A$8:$A$1007,0)),"")="فرضی")),I38<>"",K38<>"",N38<>"",ISNUMBER(O38),J38<>"نیازمند اطلاعات تکمیلی",OR(L38="خیر",AND(L38="بله",COUNTIFS('07-تصمیمات و مصوبات'!$A$8:$A$1007,M38)=1,IFERROR(INDEX('07-تصمیمات و مصوبات'!$B$8:$B$1007,MATCH(M38,'07-تصمیمات و مصوبات'!$A$8:$A$1007,0)),"")=D38))),"معتبر","نتیجه یا شواهد ناقص")))
P39: =IF(A39="","",IF(NOT(AND(COUNTIFS('06-نتایج بازنگری'!$A$8:$A$1007,A39)=1,AND(COUNTIFS('17-جلسات و دوره‌ها'!$A$8:$A$1007,D39)=1,IFERROR(INDEX('17-جلسات و دوره‌ها'!$B$8:$B$1007,MATCH(D39,'17-جلسات و دوره‌ها'!$A$8:$A$1007,0)),"")=B39,IFERROR(INDEX('17-جلسات و دوره‌ها'!$C$8:$C$1007,MATCH(D39,'17-جلسات و دوره‌ها'!$A$8:$A$1007,0)),"")=C39))),"شناسه یا جلسه نامعتبر",IF(AND(AND(COUNTIFS('14-مستندات و پیوست‌ها'!$A$8:$A$1007,H39)=1,IFERROR(INDEX('14-مستندات و پیوست‌ها'!$B$8:$B$1007,MATCH(H39,'14-مستندات و پیوست‌ها'!$A$8:$A$1007,0)),"")=B39,OR(IFERROR(INDEX('14-مستندات و پیوست‌ها'!$H$8:$H$1007,MATCH(H39,'14-مستندات و پیوست‌ها'!$A$8:$A$1007,0)),"")="دریافت شده",IFERROR(INDEX('14-مستندات و پیوست‌ها'!$H$8:$H$1007,MATCH(H39,'14-مستندات و پیوست‌ها'!$A$8:$A$1007,0)),"")="فرضی")),I39<>"",K39<>"",N39<>"",ISNUMBER(O39),J39<>"نیازمند اطلاعات تکمیلی",OR(L39="خیر",AND(L39="بله",COUNTIFS('07-تصمیمات و مصوبات'!$A$8:$A$1007,M39)=1,IFERROR(INDEX('07-تصمیمات و مصوبات'!$B$8:$B$1007,MATCH(M39,'07-تصمیمات و مصوبات'!$A$8:$A$1007,0)),"")=D39))),"معتبر","نتیجه یا شواهد ناقص")))

Sheet 07-تصمیمات و مصوبات
A1: بانک تصمیمات و خروجی‌های مدیریت
A2: تصمیم با اقدام تفاوت دارد. چند ورودی و چند الزام برای هر تصمیم در شیت 15 ثبت می‌شود. وضعیت نهایی از اجرا و اثربخشی جداگانه محاسبه می‌شود.
A7: شناسه تصمیم | B7: شناسه جلسه | C7: شرکت | D7: دوره | E7: سیستم | F7: ورودی اصلی | G7: عنوان | H7: مستند و تحلیل | I7: نوع خروجی | J7: نتیجه بررسی مدیریت | K7: متن دقیق تصمیم | L7: وضعیت تصمیم | M7: دلیل و مستند | N7: اقدام لازم؟ | O7: مسئول پاسخ‌گو | P7: همکاران | Q7: منابع لازم | R7: مهلت میلادی | S7: معیار تحقق | T7: روش اثربخشی | U7: شناسه اقدامات؛ راهنما | V7: مرجع تصویب | W7: تاریخ تصویب | X7: نوع داده | Y7: منشأ تصمیم | Z7: اعتبار تعیین تکلیف | AA7: وضعیت نهایی | AB7: ترتیب گزارش
A8: DEC-A01 | B8: MR-NIPCO-BASE | C8: NIPCO | D8: P-BASE | E8: IMS | F8: IN-R01 | G8: تثبیت دوره، نسخه استاندارد و دامنه سایت‌ها | H8: مشخصات تأییدشده و نسخه گواهینامه‌ها | I8: بهبود مستمر | K8: پیشنهاد: تثبیت دوره، نسخه استاندارد و دامنه سایت‌ها | N8: بله | O8: تضمین کیفیت / دبیر بازنگری | P8: تعیین شود | Q8: نیازمند برآورد | S8: مشخصات تأییدشده و نسخه گواهینامه‌ها | T8: بررسی شاهد اجرا و مقایسه نتیجه با معیار خاتمه | U8: ACT-A01 | X8: واقعی؛ نیازمند تأیید | Y8: پیشنهاد کارشناسی؛ تصویب نشده | Z8: =IF(A8="","",IF(NOT(AND(COUNTIFS('07-تصمیمات و مصوبات'!$A$8:$A$1007,A8)=1,AND(COUNTIFS('17-جلسات و دوره‌ها'!$A$8:$A$1007,B8)=1,IFERROR(INDEX('17-جلسات و دوره‌ها'!$B$8:$B$1007,MATCH(B8,'17-جلسات و دوره‌ها'!$A$8:$A$1007,0)),"")=C8,IFERROR(INDEX('17-جلسات و دوره‌ها'!$C$8:$C$1007,MATCH(B8,'17-جلسات و دوره‌ها'!$A$8:$A$1007,0)),"")=D8),COUNTIFS('03-ورودی‌های بازنگری'!$A$8:$A$1007,F8)=1,IFERROR(INDEX('03-ورودی‌های بازنگری'!$D$8:$D$1007,MATCH(F8,'03-ورودی‌های بازنگری'!$A$8:$A$1007,0)),"")=B8)),"رابطه ورودی یا جلسه نامعتبر",IF(L8="","پیشنهاد؛ تصویب نشده",IF(OR(IFERROR(INDEX('03-ورودی‌های بازنگری'!$R$8:$R$1007,MATCH(F8,'03-ورودی‌های بازنگری'!$A$8:$A$1007,0)),"")<>"معتبر",H8="",J8="",K8="",M8="",V8="",NOT(ISNUMBER(W8)),N8="",N8="تعیین نشده"),"تعیین تکلیف ناقص",IF(AND(L8="تصویب",N8="بله",OR(O8="",NOT(ISNUMBER(R8)),S8="",T8="")),"مسئول، موعد یا معیار ناقص","معتبر"))))) -> پیشنهاد؛ تصویب نشده | AA8: =IF(A8="","",IF(Z8<>"معتبر",Z8,IF(L8<>"تصویب",L8,IF(N8="خیر","تعیین تکلیف مستند؛ بدون اقدام",IF(COUNTIFS('08-برنامه اقدامات'!$B$8:$B$1007,A8)=0,"اقدام لازم؛ ثبت نشده",IF(COUNTIFS('08-برنامه اقدامات'!$B$8:$B$1007,A8,'08-برنامه اقدامات'!$T$8:$T$1007,"بسته؛ اثربخش")=COUNTIFS('08-برنامه اقدامات'!$B$8:$B$1007,A8),"بسته؛ اثربخش","باز؛ اجرا یا اثربخشی باقی است")))))) -> پیشنهاد؛ تصویب نشده | AB8: =IF(A8="","",IF(B8<>'01-تنظیمات'!$B$5,"",IF('01-تنظیمات'!$B$7="پیش از جلسه",COUNTIFS($B$8:B8,'01-تنظیمات'!$B$5),IF(Z8="معتبر",COUNTIFS($B$8:B8,'01-تنظیمات'!$B$5,$Z$8:Z8,"معتبر"),"")))) -> 1
A9: DEC-A02 | B9: MR-NIPCO-BASE | C9: NIPCO | D9: P-BASE | E9: IMS | F9: IN-R07 | G9: تطبیق تمام شاخص‌ها با فایل پایش و حل تعارض‌ها | H9: جدول تطبیق امضاشده؛ هر شاخص با منبع و دوره واحد | I9: بهبود مستمر | K9: پیشنهاد: تطبیق تمام شاخص‌ها با فایل پایش و حل تعارض‌ها | N9: بله | O9: تضمین کیفیت و مالکان شاخص | P9: تعیین شود | Q9: نیازمند برآورد | S9: جدول تطبیق امضاشده؛ هر شاخص با منبع و دوره واحد | T9: بررسی شاهد اجرا و مقایسه نتیجه با معیار خاتمه | U9: ACT-A02 | X9: واقعی؛ نیازمند تأیید | Y9: پیشنهاد کارشناسی؛ تصویب نشده | Z9: =IF(A9="","",IF(NOT(AND(COUNTIFS('07-تصمیمات و مصوبات'!$A$8:$A$1007,A9)=1,AND(COUNTIFS('17-جلسات و دوره‌ها'!$A$8:$A$1007,B9)=1,IFERROR(INDEX('17-جلسات و دوره‌ها'!$B$8:$B$1007,MATCH(B9,'17-جلسات و دوره‌ها'!$A$8:$A$1007,0)),"")=C9,IFERROR(INDEX('17-جلسات و دوره‌ها'!$C$8:$C$1007,MATCH(B9,'17-جلسات و دوره‌ها'!$A$8:$A$1007,0)),"")=D9),COUNTIFS('03-ورودی‌های بازنگری'!$A$8:$A$1007,F9)=1,IFERROR(INDEX('03-ورودی‌های بازنگری'!$D$8:$D$1007,MATCH(F9,'03-ورودی‌های بازنگری'!$A$8:$A$1007,0)),"")=B9)),"رابطه ورودی یا جلسه نامعتبر",IF(L9="","پیشنهاد؛ تصویب نشده",IF(OR(IFERROR(INDEX('03-ورودی‌های بازنگری'!$R$8:$R$1007,MATCH(F9,'03-ورودی‌های بازنگری'!$A$8:$A$1007,0)),"")<>"معتبر",H9="",J9="",K9="",M9="",V9="",NOT(ISNUMBER(W9)),N9="",N9="تعیین نشده"),"تعیین تکلیف ناقص",IF(AND(L9="تصویب",N9="بله",OR(O9="",NOT(ISNUMBER(R9)),S9="",T9="")),"مسئول، موعد یا معیار ناقص","معتبر"))))) -> پیشنهاد؛ تصویب نشده | AA9: =IF(A9="","",IF(Z9<>"معتبر",Z9,IF(L9<>"تصویب",L9,IF(N9="خیر","تعیین تکلیف مستند؛ بدون اقدام",IF(COUNTIFS('08-برنامه اقدامات'!$B$8:$B$1007,A9)=0,"اقدام لازم؛ ثبت نشده",IF(COUNTIFS('08-برنامه اقدامات'!$B$8:$B$1007,A9,'08-برنامه اقدامات'!$T$8:$T$1007,"بسته؛ اثربخش")=COUNTIFS('08-برنامه اقدامات'!$B$8:$B$1007,A9),"بسته؛ اثربخش","باز؛ اجرا یا اثربخشی باقی است")))))) -> پیشنهاد؛ تصویب نشده | AB9: =IF(A9="","",IF(B9<>'01-تنظیمات'!$B$5,"",IF('01-تنظیمات'!$B$7="پیش از جلسه",COUNTIFS($B$8:B9,'01-تنظیمات'!$B$5),IF(Z9="معتبر",COUNTIFS($B$8:B9,'01-تنظیمات'!$B$5,$Z$8:Z9,"معتبر"),"")))) -> 2
A10: DEC-A03 | B10: MR-NIPCO-BASE | C10: NIPCO | D10: P-BASE | E10: IMS | F10: IN-R25 | G10: تأیید تاریخ و نتایج گزارش پایش HSE | H10: اصل گزارش پایش و فهرست موارد خارج از حدود | I10: بهبود مستمر | K10: پیشنهاد: تأیید تاریخ و نتایج گزارش پایش HSE | N10: بله | O10: مسئول HSE | P10: تعیین شود | Q10: نیازمند برآورد | S10: اصل گزارش پایش و فهرست موارد خارج از حدود | T10: بررسی شاهد اجرا و مقایسه نتیجه با معیار خاتمه | U10: ACT-A03 | X10: واقعی؛ نیازمند تأیید | Y10: پیشنهاد کارشناسی؛ تصویب نشده | Z10: =IF(A10="","",IF(NOT(AND(COUNTIFS('07-تصمیمات و مصوبات'!$A$8:$A$1007,A10)=1,AND(COUNTIFS('17-جلسات و دوره‌ها'!$A$8:$A$1007,B10)=1,IFERROR(INDEX('17-جلسات و دوره‌ها'!$B$8:$B$1007,MATCH(B10,'17-جلسات و دوره‌ها'!$A$8:$A$1007,0)),"")=C10,IFERROR(INDEX('17-جلسات و دوره‌ها'!$C$8:$C$1007,MATCH(B10,'17-جلسات و دوره‌ها'!$A$8:$A$1007,0)),"")=D10),COUNTIFS('03-ورودی‌های بازنگری'!$A$8:$A$1007,F10)=1,IFERROR(INDEX('03-ورودی‌های بازنگری'!$D$8:$D$1007,MATCH(F10,'03-ورودی‌های بازنگری'!$A$8:$A$1007,0)),"")=B10)),"رابطه ورودی یا جلسه نامعتبر",IF(L10="","پیشنهاد؛ تصویب نشده",IF(OR(IFERROR(INDEX('03-ورودی‌های بازنگری'!$R$8:$R$1007,MATCH(F10,'03-ورودی‌های بازنگری'!$A$8:$A$1007,0)),"")<>"معتبر",H10="",J10="",K10="",M10="",V10="",NOT(ISNUMBER(W10)),N10="",N10="تعیین نشده"),"تعیین تکلیف ناقص",IF(AND(L10="تصویب",N10="بله",OR(O10="",NOT(ISNUMBER(R10)),S10="",T10="")),"مسئول، موعد یا معیار ناقص","معتبر"))))) -> پیشنهاد؛ تصویب نشده | AA10: =IF(A10="","",IF(Z10<>"معتبر",Z10,IF(L10<>"تصویب",L10,IF(N10="خیر","تعیین تکلیف مستند؛ بدون اقدام",IF(COUNTIFS('08-برنامه اقدامات'!$B$8:$B$1007,A10)=0,"اقدام لازم؛ ثبت نشده",IF(COUNTIFS('08-برنامه اقدامات'!$B$8:$B$1007,A10,'08-برنامه اقدامات'!$T$8:$T$1007,"بسته؛ اثربخش")=COUNTIFS('08-برنامه اقدامات'!$B$8:$B$1007,A10),"بسته؛ اثربخش","باز؛ اجرا یا اثربخشی باقی است")))))) -> پیشنهاد؛ تصویب نشده | AB10: =IF(A10="","",IF(B10<>'01-تنظیمات'!$B$5,"",IF('01-تنظیمات'!$B$7="پیش از جلسه",COUNTIFS($B$8:B10,'01-تنظیمات'!$B$5),IF(Z10="معتبر",COUNTIFS($B$8:B10,'01-تنظیمات'!$B$5,$Z$8:Z10,"معتبر"),"")))) -> 3
A11: DEC-A04 | B11: MR-NIPCO-BASE | C11: NIPCO | D11: P-BASE | E11: IMS | F11: IN-R02 | G11: تکمیل فهرست پیوست‌ها در سیستم تضمین | H11: شناسه، نسخه، تاریخ و مسیر قابل بازیابی برای هر شاهد | I11: بهبود مستمر | K11: پیشنهاد: تکمیل فهرست پیوست‌ها در سیستم تضمین | N11: بله | O11: کنترل مستندات | P11: تعیین شود | Q11: نیازمند برآورد | S11: شناسه، نسخه، تاریخ و مسیر قابل بازیابی برای هر شاهد | T11: بررسی شاهد اجرا و مقایسه نتیجه با معیار خاتمه | U11: ACT-A04 | X11: واقعی؛ نیازمند تأیید | Y11: پیشنهاد کارشناسی؛ تصویب نشده | Z11: =IF(A11="","",IF(NOT(AND(COUNTIFS('07-تصمیمات و مصوبات'!$A$8:$A$1007,A11)=1,AND(COUNTIFS('17-جلسات و دوره‌ها'!$A$8:$A$1007,B11)=1,IFERROR(INDEX('17-جلسات و دوره‌ها'!$B$8:$B$1007,MATCH(B11,'17-جلسات و دوره‌ها'!$A$8:$A$1007,0)),"")=C11,IFERROR(INDEX('17-جلسات و دوره‌ها'!$C$8:$C$1007,MATCH(B11,'17-جلسات و دوره‌ها'!$A$8:$A$1007,0)),"")=D11),COUNTIFS('03-ورودی‌های بازنگری'!$A$8:$A$1007,F11)=1,IFERROR(INDEX('03-ورودی‌های بازنگری'!$D$8:$D$1007,MATCH(F11,'03-ورودی‌های بازنگری'!$A$8:$A$1007,0)),"")=B11)),"رابطه ورودی یا جلسه نامعتبر",IF(L11="","پیشنهاد؛ تصویب نشده",IF(OR(IFERROR(INDEX('03-ورودی‌های بازنگری'!$R$8:$R$1007,MATCH(F11,'03-ورودی‌های بازنگری'!$A$8:$A$1007,0)),"")<>"معتبر",H11="",J11="",K11="",M11="",V11="",NOT(ISNUMBER(W11)),N11="",N11="تعیین نشده"),"تعیین تکلیف ناقص",IF(AND(L11="تصویب",N11="بله",OR(O11="",NOT(ISNUMBER(R11)),S11="",T11="")),"مسئول، موعد یا معیار ناقص","معتبر"))))) -> پیشنهاد؛ تصویب نشده | AA11: =IF(A11="","",IF(Z11<>"معتبر",Z11,IF(L11<>"تصویب",L11,IF(N11="خیر","تعیین تکلیف مستند؛ بدون اقدام",IF(COUNTIFS('08-برنامه اقدامات'!$B$8:$B$1007,A11)=0,"اقدام لازم؛ ثبت نشده",IF(COUNTIFS('08-برنامه اقدامات'!$B$8:$B$1007,A11,'08-برنامه اقدامات'!$T$8:$T$1007,"بسته؛ اثربخش")=COUNTIFS('08-برنامه اقدامات'!$B$8:$B$1007,A11),"بسته؛ اثربخش","باز؛ اجرا یا اثربخشی باقی است")))))) -> پیشنهاد؛ تصویب نشده | AB11: =IF(A11="","",IF(B11<>'01-تنظیمات'!$B$5,"",IF('01-تنظیمات'!$B$7="پیش از جلسه",COUNTIFS($B$8:B11,'01-تنظیمات'!$B$5),IF(Z11="معتبر",COUNTIFS($B$8:B11,'01-تنظیمات'!$B$5,$Z$8:Z11,"معتبر"),"")))) -> 4
A12: DEC-A05 | B12: MR-NIPCO-BASE | C12: NIPCO | D12: P-BASE | E12: IMS | F12: IN-R10 | G12: بازطراحی گردش اقدام اصلاحی و ارزیابی اثربخشی | H12: تفکیک اجرا و اثربخشی؛ آزمون گردش کار و نمونه اقدام معتبر | I12: بهبود مستمر | K12: پیشنهاد: بازطراحی گردش اقدام اصلاحی و ارزیابی اثربخشی | N12: بله | O12: تضمین کیفیت / فناوری اطلاعات | P12: تعیین شود | Q12: نیازمند برآورد | S12: تفکیک اجرا و اثربخشی؛ آزمون گردش کار و نمونه اقدام معتبر | T12: بررسی شاهد اجرا و مقایسه نتیجه با معیار خاتمه | U12: ACT-A05 | X12: واقعی؛ نیازمند تأیید | Y12: پیشنهاد کارشناسی؛ تصویب نشده | Z12: =IF(A12="","",IF(NOT(AND(COUNTIFS('07-تصمیمات و مصوبات'!$A$8:$A$1007,A12)=1,AND(COUNTIFS('17-جلسات و دوره‌ها'!$A$8:$A$1007,B12)=1,IFERROR(INDEX('17-جلسات و دوره‌ها'!$B$8:$B$1007,MATCH(B12,'17-جلسات و دوره‌ها'!$A$8:$A$1007,0)),"")=C12,IFERROR(INDEX('17-جلسات و دوره‌ها'!$C$8:$C$1007,MATCH(B12,'17-جلسات و دوره‌ها'!$A$8:$A$1007,0)),"")=D12),COUNTIFS('03-ورودی‌های بازنگری'!$A$8:$A$1007,F12)=1,IFERROR(INDEX('03-ورودی‌های بازنگری'!$D$8:$D$1007,MATCH(F12,'03-ورودی‌های بازنگری'!$A$8:$A$1007,0)),"")=B12)),"رابطه ورودی یا جلسه نامعتبر",IF(L12="","پیشنهاد؛ تصویب نشده",IF(OR(IFERROR(INDEX('03-ورودی‌های بازنگری'!$R$8:$R$1007,MATCH(F12,'03-ورودی‌های بازنگری'!$A$8:$A$1007,0)),"")<>"معتبر",H12="",J12="",K12="",M12="",V12="",NOT(ISNUMBER(W12)),N12="",N12="تعیین نشده"),"تعیین تکلیف ناقص",IF(AND(L12="تصویب",N12="بله",OR(O12="",NOT(ISNUMBER(R12)),S12="",T12="")),"مسئول، موعد یا معیار ناقص","معتبر"))))) -> پیشنهاد؛ تصویب نشده | AA12: =IF(A12="","",IF(Z12<>"معتبر",Z12,IF(L12<>"تصویب",L12,IF(N12="خیر","تعیین تکلیف مستند؛ بدون اقدام",IF(COUNTIFS('08-برنامه اقدامات'!$B$8:$B$1007,A12)=0,"اقدام لازم؛ ثبت نشده",IF(COUNTIFS('08-برنامه اقدامات'!$B$8:$B$1007,A12,'08-برنامه اقدامات'!$T$8:$T$1007,"بسته؛ اثربخش")=COUNTIFS('08-برنامه اقدامات'!$B$8:$B$1007,A12),"بسته؛ اثربخش","باز؛ اجرا یا اثربخشی باقی است")))))) -> پیشنهاد؛ تصویب نشده | AB12: =IF(A12="","",IF(B12<>'01-تنظیمات'!$B$5,"",IF('01-تنظیمات'!$B$7="پیش از جلسه",COUNTIFS($B$8:B12,'01-تنظیمات'!$B$5),IF(Z12="معتبر",COUNTIFS($B$8:B12,'01-تنظیمات'!$B$5,$Z$8:Z12,"معتبر"),"")))) -> 5
A13: DEC-A06 | B13: MR-NIPCO-BASE | C13: NIPCO | D13: P-BASE | E13: IMS | F13: IN-R20 | G13: آزمون ردیابی و تعیین دامنه نقص پس از پرس | H13: ردیابی رفت و برگشت نمونه‌های مصوب و بستن شکاف‌ها | I13: بهبود مستمر | K13: پیشنهاد: آزمون ردیابی و تعیین دامنه نقص پس از پرس | N13: بله | O13: تولید / کیفیت / مهندسی | P13: تعیین شود | Q13: نیازمند برآورد | S13: ردیابی رفت و برگشت نمونه‌های مصوب و بستن شکاف‌ها | T13: بررسی شاهد اجرا و مقایسه نتیجه با معیار خاتمه | U13: ACT-A06 | X13: واقعی؛ نیازمند تأیید | Y13: پیشنهاد کارشناسی؛ تصویب نشده | Z13: =IF(A13="","",IF(NOT(AND(COUNTIFS('07-تصمیمات و مصوبات'!$A$8:$A$1007,A13)=1,AND(COUNTIFS('17-جلسات و دوره‌ها'!$A$8:$A$1007,B13)=1,IFERROR(INDEX('17-جلسات و دوره‌ها'!$B$8:$B$1007,MATCH(B13,'17-جلسات و دوره‌ها'!$A$8:$A$1007,0)),"")=C13,IFERROR(INDEX('17-جلسات و دوره‌ها'!$C$8:$C$1007,MATCH(B13,'17-جلسات و دوره‌ها'!$A$8:$A$1007,0)),"")=D13),COUNTIFS('03-ورودی‌های بازنگری'!$A$8:$A$1007,F13)=1,IFERROR(INDEX('03-ورودی‌های بازنگری'!$D$8:$D$1007,MATCH(F13,'03-ورودی‌های بازنگری'!$A$8:$A$1007,0)),"")=B13)),"رابطه ورودی یا جلسه نامعتبر",IF(L13="","پیشنهاد؛ تصویب نشده",IF(OR(IFERROR(INDEX('03-ورودی‌های بازنگری'!$R$8:$R$1007,MATCH(F13,'03-ورودی‌های بازنگری'!$A$8:$A$1007,0)),"")<>"معتبر",H13="",J13="",K13="",M13="",V13="",NOT(ISNUMBER(W13)),N13="",N13="تعیین نشده"),"تعیین تکلیف ناقص",IF(AND(L13="تصویب",N13="بله",OR(O13="",NOT(ISNUMBER(R13)),S13="",T13="")),"مسئول، موعد یا معیار ناقص","معتبر"))))) -> پیشنهاد؛ تصویب نشده | AA13: =IF(A13="","",IF(Z13<>"معتبر",Z13,IF(L13<>"تصویب",L13,IF(N13="خیر","تعیین تکلیف مستند؛ بدون اقدام",IF(COUNTIFS('08-برنامه اقدامات'!$B$8:$B$1007,A13)=0,"اقدام لازم؛ ثبت نشده",IF(COUNTIFS('08-برنامه اقدامات'!$B$8:$B$1007,A13,'08-برنامه اقدامات'!$T$8:$T$1007,"بسته؛ اثربخش")=COUNTIFS('08-برنامه اقدامات'!$B$8:$B$1007,A13),"بسته؛ اثربخش","باز؛ اجرا یا اثربخشی باقی است")))))) -> پیشنهاد؛ تصویب نشده | AB13: =IF(A13="","",IF(B13<>'01-تنظیمات'!$B$5,"",IF('01-تنظیمات'!$B$7="پیش از جلسه",COUNTIFS($B$8:B13,'01-تنظیمات'!$B$5),IF(Z13="معتبر",COUNTIFS($B$8:B13,'01-تنظیمات'!$B$5,$Z$8:Z13,"معتبر"),"")))) -> 6
A14: DEC-A07 | B14: MR-NIPCO-BASE | C14: NIPCO | D14: P-BASE | E14: IMS | F14: IN-R04 | G14: تصویب برنامه توسعه فضا و کنترل‌های موقت | H14: برنامه واحد؛ جانمایی، مسیر ایمن و کنترل انبارش تا اجرای طرح | I14: تأمین منابع | K14: پیشنهاد: تصویب برنامه توسعه فضا و کنترل‌های موقت | N14: بله | O14: مدیریت عامل / سایت‌ها / HSE | P14: تعیین شود | Q14: نیازمند برآورد | S14: برنامه واحد؛ جانمایی، مسیر ایمن و کنترل انبارش تا اجرای طرح | T14: بررسی شاهد اجرا و مقایسه نتیجه با معیار خاتمه | U14: ACT-A07 | X14: واقعی؛ نیازمند تأیید | Y14: پیشنهاد کارشناسی؛ تصویب نشده | Z14: =IF(A14="","",IF(NOT(AND(COUNTIFS('07-تصمیمات و مصوبات'!$A$8:$A$1007,A14)=1,AND(COUNTIFS('17-جلسات و دوره‌ها'!$A$8:$A$1007,B14)=1,IFERROR(INDEX('17-جلسات و دوره‌ها'!$B$8:$B$1007,MATCH(B14,'17-جلسات و دوره‌ها'!$A$8:$A$1007,0)),"")=C14,IFERROR(INDEX('17-جلسات و دوره‌ها'!$C$8:$C$1007,MATCH(B14,'17-جلسات و دوره‌ها'!$A$8:$A$1007,0)),"")=D14),COUNTIFS('03-ورودی‌های بازنگری'!$A$8:$A$1007,F14)=1,IFERROR(INDEX('03-ورودی‌های بازنگری'!$D$8:$D$1007,MATCH(F14,'03-ورودی‌های بازنگری'!$A$8:$A$1007,0)),"")=B14)),"رابطه ورودی یا جلسه نامعتبر",IF(L14="","پیشنهاد؛ تصویب نشده",IF(OR(IFERROR(INDEX('03-ورودی‌های بازنگری'!$R$8:$R$1007,MATCH(F14,'03-ورودی‌های بازنگری'!$A$8:$A$1007,0)),"")<>"معتبر",H14="",J14="",K14="",M14="",V14="",NOT(ISNUMBER(W14)),N14="",N14="تعیین نشده"),"تعیین تکلیف ناقص",IF(AND(L14="تصویب",N14="بله",OR(O14="",NOT(ISNUMBER(R14)),S14="",T14="")),"مسئول، موعد یا معیار ناقص","معتبر"))))) -> پیشنهاد؛ تصویب نشده | AA14: =IF(A14="","",IF(Z14<>"معتبر",Z14,IF(L14<>"تصویب",L14,IF(N14="خیر","تعیین تکلیف مستند؛ بدون اقدام",IF(COUNTIFS('08-برنامه اقدامات'!$B$8:$B$1007,A14)=0,"اقدام لازم؛ ثبت نشده",IF(COUNTIFS('08-برنامه اقدامات'!$B$8:$B$1007,A14,'08-برنامه اقدامات'!$T$8:$T$1007,"بسته؛ اثربخش")=COUNTIFS('08-برنامه اقدامات'!$B$8:$B$1007,A14),"بسته؛ اثربخش","باز؛ اجرا یا اثربخشی باقی است")))))) -> پیشنهاد؛ تصویب نشده | AB14: =IF(A14="","",IF(B14<>'01-تنظیمات'!$B$5,"",IF('01-تنظیمات'!$B$7="پیش از جلسه",COUNTIFS($B$8:B14,'01-تنظیمات'!$B$5),IF(Z14="معتبر",COUNTIFS($B$8:B14,'01-تنظیمات'!$B$5,$Z$8:Z14,"معتبر"),"")))) -> 7
A15: DEC-A08 | B15: MR-NIPCO-BASE | C15: NIPCO | D15: P-BASE | E15: IMS | F15: IN-R15 | G15: تطبیق نسبت‌ها و اجزای هزینه کیفیت | H15: تعریف مخرج و واحد؛ تطبیق اجزا با کل و گزارش مالی | I15: بهبود مستمر | K15: پیشنهاد: تطبیق نسبت‌ها و اجزای هزینه کیفیت | N15: بله | O15: مالی / تضمین کیفیت | P15: تعیین شود | Q15: نیازمند برآورد | S15: تعریف مخرج و واحد؛ تطبیق اجزا با کل و گزارش مالی | T15: بررسی شاهد اجرا و مقایسه نتیجه با معیار خاتمه | U15: ACT-A08 | X15: واقعی؛ نیازمند تأیید | Y15: پیشنهاد کارشناسی؛ تصویب نشده | Z15: =IF(A15="","",IF(NOT(AND(COUNTIFS('07-تصمیمات و مصوبات'!$A$8:$A$1007,A15)=1,AND(COUNTIFS('17-جلسات و دوره‌ها'!$A$8:$A$1007,B15)=1,IFERROR(INDEX('17-جلسات و دوره‌ها'!$B$8:$B$1007,MATCH(B15,'17-جلسات و دوره‌ها'!$A$8:$A$1007,0)),"")=C15,IFERROR(INDEX('17-جلسات و دوره‌ها'!$C$8:$C$1007,MATCH(B15,'17-جلسات و دوره‌ها'!$A$8:$A$1007,0)),"")=D15),COUNTIFS('03-ورودی‌های بازنگری'!$A$8:$A$1007,F15)=1,IFERROR(INDEX('03-ورودی‌های بازنگری'!$D$8:$D$1007,MATCH(F15,'03-ورودی‌های بازنگری'!$A$8:$A$1007,0)),"")=B15)),"رابطه ورودی یا جلسه نامعتبر",IF(L15="","پیشنهاد؛ تصویب نشده",IF(OR(IFERROR(INDEX('03-ورودی‌های بازنگری'!$R$8:$R$1007,MATCH(F15,'03-ورودی‌های بازنگری'!$A$8:$A$1007,0)),"")<>"معتبر",H15="",J15="",K15="",M15="",V15="",NOT(ISNUMBER(W15)),N15="",N15="تعیین نشده"),"تعیین تکلیف ناقص",IF(AND(L15="تصویب",N15="بله",OR(O15="",NOT(ISNUMBER(R15)),S15="",T15="")),"مسئول، موعد یا معیار ناقص","معتبر"))))) -> پیشنهاد؛ تصویب نشده | AA15: =IF(A15="","",IF(Z15<>"معتبر",Z15,IF(L15<>"تصویب",L15,IF(N15="خیر","تعیین تکلیف مستند؛ بدون اقدام",IF(COUNTIFS('08-برنامه اقدامات'!$B$8:$B$1007,A15)=0,"اقدام لازم؛ ثبت نشده",IF(COUNTIFS('08-برنامه اقدامات'!$B$8:$B$1007,A15,'08-برنامه اقدامات'!$T$8:$T$1007,"بسته؛ اثربخش")=COUNTIFS('08-برنامه اقدامات'!$B$8:$B$1007,A15),"بسته؛ اثربخش","باز؛ اجرا یا اثربخشی باقی است")))))) -> پیشنهاد؛ تصویب نشده | AB15: =IF(A15="","",IF(B15<>'01-تنظیمات'!$B$5,"",IF('01-تنظیمات'!$B$7="پیش از جلسه",COUNTIFS($B$8:B15,'01-تنظیمات'!$B$5),IF(Z15="معتبر",COUNTIFS($B$8:B15,'01-تنظیمات'!$B$5,$Z$8:Z15,"معتبر"),"")))) -> 8
A16: DEC-A09 | B16: MR-NIPCO-BASE | C16: NIPCO | D16: P-BASE | E16: IMS | F16: IN-R08 | G16: تعریف اقدام اختصاصی برای یافته‌های ممیزی | H16: علت ریشه‌ای، اقدام، مسئول و معیار اثربخشی هر یافته | I16: بهبود مستمر | K16: پیشنهاد: تعریف اقدام اختصاصی برای یافته‌های ممیزی | N16: بله | O16: مالکان فرآیند / تضمین کیفیت | P16: تعیین شود | Q16: نیازمند برآورد | S16: علت ریشه‌ای، اقدام، مسئول و معیار اثربخشی هر یافته | T16: بررسی شاهد اجرا و مقایسه نتیجه با معیار خاتمه | U16: ACT-A09 | X16: واقعی؛ نیازمند تأیید | Y16: پیشنهاد کارشناسی؛ تصویب نشده | Z16: =IF(A16="","",IF(NOT(AND(COUNTIFS('07-تصمیمات و مصوبات'!$A$8:$A$1007,A16)=1,AND(COUNTIFS('17-جلسات و دوره‌ها'!$A$8:$A$1007,B16)=1,IFERROR(INDEX('17-جلسات و دوره‌ها'!$B$8:$B$1007,MATCH(B16,'17-جلسات و دوره‌ها'!$A$8:$A$1007,0)),"")=C16,IFERROR(INDEX('17-جلسات و دوره‌ها'!$C$8:$C$1007,MATCH(B16,'17-جلسات و دوره‌ها'!$A$8:$A$1007,0)),"")=D16),COUNTIFS('03-ورودی‌های بازنگری'!$A$8:$A$1007,F16)=1,IFERROR(INDEX('03-ورودی‌های بازنگری'!$D$8:$D$1007,MATCH(F16,'03-ورودی‌های بازنگری'!$A$8:$A$1007,0)),"")=B16)),"رابطه ورودی یا جلسه نامعتبر",IF(L16="","پیشنهاد؛ تصویب نشده",IF(OR(IFERROR(INDEX('03-ورودی‌های بازنگری'!$R$8:$R$1007,MATCH(F16,'03-ورودی‌های بازنگری'!$A$8:$A$1007,0)),"")<>"معتبر",H16="",J16="",K16="",M16="",V16="",NOT(ISNUMBER(W16)),N16="",N16="تعیین نشده"),"تعیین تکلیف ناقص",IF(AND(L16="تصویب",N16="بله",OR(O16="",NOT(ISNUMBER(R16)),S16="",T16="")),"مسئول، موعد یا معیار ناقص","معتبر"))))) -> پیشنهاد؛ تصویب نشده | AA16: =IF(A16="","",IF(Z16<>"معتبر",Z16,IF(L16<>"تصویب",L16,IF(N16="خیر","تعیین تکلیف مستند؛ بدون اقدام",IF(COUNTIFS('08-برنامه اقدامات'!$B$8:$B$1007,A16)=0,"اقدام لازم؛ ثبت نشده",IF(COUNTIFS('08-برنامه اقدامات'!$B$8:$B$1007,A16,'08-برنامه اقدامات'!$T$8:$T$1007,"بسته؛ اثربخش")=COUNTIFS('08-برنامه اقدامات'!$B$8:$B$1007,A16),"بسته؛ اثربخش","باز؛ اجرا یا اثربخشی باقی است")))))) -> پیشنهاد؛ تصویب نشده | AB16: =IF(A16="","",IF(B16<>'01-تنظیمات'!$B$5,"",IF('01-تنظیمات'!$B$7="پیش از جلسه",COUNTIFS($B$8:B16,'01-تنظیمات'!$B$5),IF(Z16="معتبر",COUNTIFS($B$8:B16,'01-تنظیمات'!$B$5,$Z$8:Z16,"معتبر"),"")))) -> 9
A17: DEC-A10 | B17: MR-NIPCO-BASE | C17: NIPCO | D17: P-BASE | E17: IMS | F17: IN-R09 | G17: تثبیت برنامه ممیزی IMS و وضعیت یافته‌ها | H17: برنامه مصوب و پوشش فرآیندها؛ رفع تعارض گزارش‌ها | I17: بهبود مستمر | K17: پیشنهاد: تثبیت برنامه ممیزی IMS و وضعیت یافته‌ها | N17: بله | O17: تضمین کیفیت / HSE | P17: تعیین شود | Q17: نیازمند برآورد | S17: برنامه مصوب و پوشش فرآیندها؛ رفع تعارض گزارش‌ها | T17: بررسی شاهد اجرا و مقایسه نتیجه با معیار خاتمه | U17: ACT-A10 | X17: واقعی؛ نیازمند تأیید | Y17: پیشنهاد کارشناسی؛ تصویب نشده | Z17: =IF(A17="","",IF(NOT(AND(COUNTIFS('07-تصمیمات و مصوبات'!$A$8:$A$1007,A17)=1,AND(COUNTIFS('17-جلسات و دوره‌ها'!$A$8:$A$1007,B17)=1,IFERROR(INDEX('17-جلسات و دوره‌ها'!$B$8:$B$1007,MATCH(B17,'17-جلسات و دوره‌ها'!$A$8:$A$1007,0)),"")=C17,IFERROR(INDEX('17-جلسات و دوره‌ها'!$C$8:$C$1007,MATCH(B17,'17-جلسات و دوره‌ها'!$A$8:$A$1007,0)),"")=D17),COUNTIFS('03-ورودی‌های بازنگری'!$A$8:$A$1007,F17)=1,IFERROR(INDEX('03-ورودی‌های بازنگری'!$D$8:$D$1007,MATCH(F17,'03-ورودی‌های بازنگری'!$A$8:$A$1007,0)),"")=B17)),"رابطه ورودی یا جلسه نامعتبر",IF(L17="","پیشنهاد؛ تصویب نشده",IF(OR(IFERROR(INDEX('03-ورودی‌های بازنگری'!$R$8:$R$1007,MATCH(F17,'03-ورودی‌های بازنگری'!$A$8:$A$1007,0)),"")<>"معتبر",H17="",J17="",K17="",M17="",V17="",NOT(ISNUMBER(W17)),N17="",N17="تعیین نشده"),"تعیین تکلیف ناقص",IF(AND(L17="تصویب",N17="بله",OR(O17="",NOT(ISNUMBER(R17)),S17="",T17="")),"مسئول، موعد یا معیار ناقص","معتبر"))))) -> پیشنهاد؛ تصویب نشده | AA17: =IF(A17="","",IF(Z17<>"معتبر",Z17,IF(L17<>"تصویب",L17,IF(N17="خیر","تعیین تکلیف مستند؛ بدون اقدام",IF(COUNTIFS('08-برنامه اقدامات'!$B$8:$B$1007,A17)=0,"اقدام لازم؛ ثبت نشده",IF(COUNTIFS('08-برنامه اقدامات'!$B$8:$B$1007,A17,'08-برنامه اقدامات'!$T$8:$T$1007,"بسته؛ اثربخش")=COUNTIFS('08-برنامه اقدامات'!$B$8:$B$1007,A17),"بسته؛ اثربخش","باز؛ اجرا یا اثربخشی باقی است")))))) -> پیشنهاد؛ تصویب نشده | AB17: =IF(A17="","",IF(B17<>'01-تنظیمات'!$B$5,"",IF('01-تنظیمات'!$B$7="پیش از جلسه",COUNTIFS($B$8:B17,'01-تنظیمات'!$B$5),IF(Z17="معتبر",COUNTIFS($B$8:B17,'01-تنظیمات'!$B$5,$Z$8:Z17,"معتبر"),"")))) -> 10
A18: DEC-A11 | B18: MR-NIPCO-BASE | C18: NIPCO | D18: P-BASE | E18: IMS | F18: IN-R26 | G18: ارزیابی تعهدات انطباق و موارد برآورده‌نشده | H18: فهرست تعهدات، نتیجه ارزیابی و اقدام برای موارد باز | I18: بهبود مستمر | K18: پیشنهاد: ارزیابی تعهدات انطباق و موارد برآورده‌نشده | N18: بله | O18: HSE / مسئولان الزامات | P18: تعیین شود | Q18: نیازمند برآورد | S18: فهرست تعهدات، نتیجه ارزیابی و اقدام برای موارد باز | T18: بررسی شاهد اجرا و مقایسه نتیجه با معیار خاتمه | U18: ACT-A11 | X18: واقعی؛ نیازمند تأیید | Y18: پیشنهاد کارشناسی؛ تصویب نشده | Z18: =IF(A18="","",IF(NOT(AND(COUNTIFS('07-تصمیمات و مصوبات'!$A$8:$A$1007,A18)=1,AND(COUNTIFS('17-جلسات و دوره‌ها'!$A$8:$A$1007,B18)=1,IFERROR(INDEX('17-جلسات و دوره‌ها'!$B$8:$B$1007,MATCH(B18,'17-جلسات و دوره‌ها'!$A$8:$A$1007,0)),"")=C18,IFERROR(INDEX('17-جلسات و دوره‌ها'!$C$8:$C$1007,MATCH(B18,'17-جلسات و دوره‌ها'!$A$8:$A$1007,0)),"")=D18),COUNTIFS('03-ورودی‌های بازنگری'!$A$8:$A$1007,F18)=1,IFERROR(INDEX('03-ورودی‌های بازنگری'!$D$8:$D$1007,MATCH(F18,'03-ورودی‌های بازنگری'!$A$8:$A$1007,0)),"")=B18)),"رابطه ورودی یا جلسه نامعتبر",IF(L18="","پیشنهاد؛ تصویب نشده",IF(OR(IFERROR(INDEX('03-ورودی‌های بازنگری'!$R$8:$R$1007,MATCH(F18,'03-ورودی‌های بازنگری'!$A$8:$A$1007,0)),"")<>"معتبر",H18="",J18="",K18="",M18="",V18="",NOT(ISNUMBER(W18)),N18="",N18="تعیین نشده"),"تعیین تکلیف ناقص",IF(AND(L18="تصویب",N18="بله",OR(O18="",NOT(ISNUMBER(R18)),S18="",T18="")),"مسئول، موعد یا معیار ناقص","معتبر"))))) -> پیشنهاد؛ تصویب نشده | AA18: =IF(A18="","",IF(Z18<>"معتبر",Z18,IF(L18<>"تصویب",L18,IF(N18="خیر","تعیین تکلیف مستند؛ بدون اقدام",IF(COUNTIFS('08-برنامه اقدامات'!$B$8:$B$1007,A18)=0,"اقدام لازم؛ ثبت نشده",IF(COUNTIFS('08-برنامه اقدامات'!$B$8:$B$1007,A18,'08-برنامه اقدامات'!$T$8:$T$1007,"بسته؛ اثربخش")=COUNTIFS('08-برنامه اقدامات'!$B$8:$B$1007,A18),"بسته؛ اثربخش","باز؛ اجرا یا اثربخشی باقی است")))))) -> پیشنهاد؛ تصویب نشده | AB18: =IF(A18="","",IF(B18<>'01-تنظیمات'!$B$5,"",IF('01-تنظیمات'!$B$7="پیش از جلسه",COUNTIFS($B$8:B18,'01-تنظیمات'!$B$5),IF(Z18="معتبر",COUNTIFS($B$8:B18,'01-تنظیمات'!$B$5,$Z$8:Z18,"معتبر"),"")))) -> 11
A19: DEC-A12 | B19: MR-NIPCO-BASE | C19: NIPCO | D19: P-BASE | E19: IMS | F19: IN-R24 | G19: بازنگری مخاطرات و جنبه‌های بارز تغییر جانمایی | H19: ارزیابی به‌روز، کنترل‌ها، مسئول و ریسک باقی‌مانده | I19: بهبود مستمر | K19: پیشنهاد: بازنگری مخاطرات و جنبه‌های بارز تغییر جانمایی | N19: بله | O19: HSE / مهندسی / کارکنان مرتبط | P19: تعیین شود | Q19: نیازمند برآورد | S19: ارزیابی به‌روز، کنترل‌ها، مسئول و ریسک باقی‌مانده | T19: بررسی شاهد اجرا و مقایسه نتیجه با معیار خاتمه | U19: ACT-A12 | X19: واقعی؛ نیازمند تأیید | Y19: پیشنهاد کارشناسی؛ تصویب نشده | Z19: =IF(A19="","",IF(NOT(AND(COUNTIFS('07-تصمیمات و مصوبات'!$A$8:$A$1007,A19)=1,AND(COUNTIFS('17-جلسات و دوره‌ها'!$A$8:$A$1007,B19)=1,IFERROR(INDEX('17-جلسات و دوره‌ها'!$B$8:$B$1007,MATCH(B19,'17-جلسات و دوره‌ها'!$A$8:$A$1007,0)),"")=C19,IFERROR(INDEX('17-جلسات و دوره‌ها'!$C$8:$C$1007,MATCH(B19,'17-جلسات و دوره‌ها'!$A$8:$A$1007,0)),"")=D19),COUNTIFS('03-ورودی‌های بازنگری'!$A$8:$A$1007,F19)=1,IFERROR(INDEX('03-ورودی‌های بازنگری'!$D$8:$D$1007,MATCH(F19,'03-ورودی‌های بازنگری'!$A$8:$A$1007,0)),"")=B19)),"رابطه ورودی یا جلسه نامعتبر",IF(L19="","پیشنهاد؛ تصویب نشده",IF(OR(IFERROR(INDEX('03-ورودی‌های بازنگری'!$R$8:$R$1007,MATCH(F19,'03-ورودی‌های بازنگری'!$A$8:$A$1007,0)),"")<>"معتبر",H19="",J19="",K19="",M19="",V19="",NOT(ISNUMBER(W19)),N19="",N19="تعیین نشده"),"تعیین تکلیف ناقص",IF(AND(L19="تصویب",N19="بله",OR(O19="",NOT(ISNUMBER(R19)),S19="",T19="")),"مسئول، موعد یا معیار ناقص","معتبر"))))) -> پیشنهاد؛ تصویب نشده | AA19: =IF(A19="","",IF(Z19<>"معتبر",Z19,IF(L19<>"تصویب",L19,IF(N19="خیر","تعیین تکلیف مستند؛ بدون اقدام",IF(COUNTIFS('08-برنامه اقدامات'!$B$8:$B$1007,A19)=0,"اقدام لازم؛ ثبت نشده",IF(COUNTIFS('08-برنامه اقدامات'!$B$8:$B$1007,A19,'08-برنامه اقدامات'!$T$8:$T$1007,"بسته؛ اثربخش")=COUNTIFS('08-برنامه اقدامات'!$B$8:$B$1007,A19),"بسته؛ اثربخش","باز؛ اجرا یا اثربخشی باقی است")))))) -> پیشنهاد؛ تصویب نشده | AB19: =IF(A19="","",IF(B19<>'01-تنظیمات'!$B$5,"",IF('01-تنظیمات'!$B$7="پیش از جلسه",COUNTIFS($B$8:B19,'01-تنظیمات'!$B$5),IF(Z19="معتبر",COUNTIFS($B$8:B19,'01-تنظیمات'!$B$5,$Z$8:Z19,"معتبر"),"")))) -> 12
... A28: DEC-A21 | B28: MR-NIPCO-BASE | C28: NIPCO | D28: P-BASE | E28: IMS | F28: IN-R28 | G28: گزارش نتایج مشاوره، حوادث و مانورها | H28: خلاصه نتایج، اقدامات و شاهد ابلاغ تصمیمات مرتبط | I28: بهبود مستمر | K28: پیشنهاد: گزارش نتایج مشاوره، حوادث و مانورها | N28: بله | O28: HSE / نمایندگان کارکنان | P28: تعیین شود | Q28: نیازمند برآورد | S28: خلاصه نتایج، اقدامات و شاهد ابلاغ تصمیمات مرتبط | T28: بررسی شاهد اجرا و مقایسه نتیجه با معیار خاتمه | U28: ACT-A21 | X28: واقعی؛ نیازمند تأیید | Y28: پیشنهاد کارشناسی؛ تصویب نشده | Z28: =IF(A28="","",IF(NOT(AND(COUNTIFS('07-تصمیمات و مصوبات'!$A$8:$A$1007,A28)=1,AND(COUNTIFS('17-جلسات و دوره‌ها'!$A$8:$A$1007,B28)=1,IFERROR(INDEX('17-جلسات و دوره‌ها'!$B$8:$B$1007,MATCH(B28,'17-جلسات و دوره‌ها'!$A$8:$A$1007,0)),"")=C28,IFERROR(INDEX('17-جلسات و دوره‌ها'!$C$8:$C$1007,MATCH(B28,'17-جلسات و دوره‌ها'!$A$8:$A$1007,0)),"")=D28),COUNTIFS('03-ورودی‌های بازنگری'!$A$8:$A$1007,F28)=1,IFERROR(INDEX('03-ورودی‌های بازنگری'!$D$8:$D$1007,MATCH(F28,'03-ورودی‌های بازنگری'!$A$8:$A$1007,0)),"")=B28)),"رابطه ورودی یا جلسه نامعتبر",IF(L28="","پیشنهاد؛ تصویب نشده",IF(OR(IFERROR(INDEX('03-ورودی‌های بازنگری'!$R$8:$R$1007,MATCH(F28,'03-ورودی‌های بازنگری'!$A$8:$A$1007,0)),"")<>"معتبر",H28="",J28="",K28="",M28="",V28="",NOT(ISNUMBER(W28)),N28="",N28="تعیین نشده"),"تعیین تکلیف ناقص",IF(AND(L28="تصویب",N28="بله",OR(O28="",NOT(ISNUMBER(R28)),S28="",T28="")),"مسئول، موعد یا معیار ناقص","معتبر"))))) -> پیشنهاد؛ تصویب نشده | AA28: =IF(A28="","",IF(Z28<>"معتبر",Z28,IF(L28<>"تصویب",L28,IF(N28="خیر","تعیین تکلیف مستند؛ بدون اقدام",IF(COUNTIFS('08-برنامه اقدامات'!$B$8:$B$1007,A28)=0,"اقدام لازم؛ ثبت نشده",IF(COUNTIFS('08-برنامه اقدامات'!$B$8:$B$1007,A28,'08-برنامه اقدامات'!$T$8:$T$1007,"بسته؛ اثربخش")=COUNTIFS('08-برنامه اقدامات'!$B$8:$B$1007,A28),"بسته؛ اثربخش","باز؛ اجرا یا اثربخشی باقی است")))))) -> پیشنهاد؛ تصویب نشده | AB28: =IF(A28="","",IF(B28<>'01-تنظیمات'!$B$5,"",IF('01-تنظیمات'!$B$7="پیش از جلسه",COUNTIFS($B$8:B28,'01-تنظیمات'!$B$5),IF(Z28="معتبر",COUNTIFS($B$8:B28,'01-تنظیمات'!$B$5,$Z$8:Z28,"معتبر"),"")))) -> 21
A29: DEC-S1 | B29: MR-DEMO-01 | C29: DEMO | D29: P-DEMO | E29: IATF | F29: IN-S1 | G29: PPM بالاتر از هدف | H29: شاهد فرضی DOC-DEMO؛ تحلیل تمرینی | I29: عملکرد مشتری | J29: نتیجه فرضی مدیریت | K29: برنامه کاهش PPM تدوین و اجرا شود. | L29: تعویق | M29: برنامه هنوز تصویب نشده | N29: بله | O29: مسئول فرضی | P29: واحد فرضی | Q29: حسب برنامه فرضی | R29: 46312 | S29: معیار سناریوی فرضی | T29: بررسی داده پس از اقدام | U29: ACT-S1 | V29: DEMO-APP | W29: 46296 | X29: فرضی؛ صرفاً آموزش | Y29: فرضی؛ مصوبه واقعی نیست | Z29: =IF(A29="","",IF(NOT(AND(COUNTIFS('07-تصمیمات و مصوبات'!$A$8:$A$1007,A29)=1,AND(COUNTIFS('17-جلسات و دوره‌ها'!$A$8:$A$1007,B29)=1,IFERROR(INDEX('17-جلسات و دوره‌ها'!$B$8:$B$1007,MATCH(B29,'17-جلسات و دوره‌ها'!$A$8:$A$1007,0)),"")=C29,IFERROR(INDEX('17-جلسات و دوره‌ها'!$C$8:$C$1007,MATCH(B29,'17-جلسات و دوره‌ها'!$A$8:$A$1007,0)),"")=D29),COUNTIFS('03-ورودی‌های بازنگری'!$A$8:$A$1007,F29)=1,IFERROR(INDEX('03-ورودی‌های بازنگری'!$D$8:$D$1007,MATCH(F29,'03-ورودی‌های بازنگری'!$A$8:$A$1007,0)),"")=B29)),"رابطه ورودی یا جلسه نامعتبر",IF(L29="","پیشنهاد؛ تصویب نشده",IF(OR(IFERROR(INDEX('03-ورودی‌های بازنگری'!$R$8:$R$1007,MATCH(F29,'03-ورودی‌های بازنگری'!$A$8:$A$1007,0)),"")<>"معتبر",H29="",J29="",K29="",M29="",V29="",NOT(ISNUMBER(W29)),N29="",N29="تعیین نشده"),"تعیین تکلیف ناقص",IF(AND(L29="تصویب",N29="بله",OR(O29="",NOT(ISNUMBER(R29)),S29="",T29="")),"مسئول، موعد یا معیار ناقص","معتبر"))))) -> معتبر | AA29: =IF(A29="","",IF(Z29<>"معتبر",Z29,IF(L29<>"تصویب",L29,IF(N29="خیر","تعیین تکلیف مستند؛ بدون اقدام",IF(COUNTIFS('08-برنامه اقدامات'!$B$8:$B$1007,A29)=0,"اقدام لازم؛ ثبت نشده",IF(COUNTIFS('08-برنامه اقدامات'!$B$8:$B$1007,A29,'08-برنامه اقدامات'!$T$8:$T$1007,"بسته؛ اثربخش")=COUNTIFS('08-برنامه اقدامات'!$B$8:$B$1007,A29),"بسته؛ اثربخش","باز؛ اجرا یا اثربخشی باقی است")))))) -> تعویق | AB29: =IF(A29="","",IF(B29<>'01-تنظیمات'!$B$5,"",IF('01-تنظیمات'!$B$7="پیش از جلسه",COUNTIFS($B$8:B29,'01-تنظیمات'!$B$5),IF(Z29="معتبر",COUNTIFS($B$8:B29,'01-تنظیمات'!$B$5,$Z$8:Z29,"معتبر"),""))))
A30: DEC-S2 | B30: MR-DEMO-01 | C30: DEMO | D30: P-DEMO | E30: QMS | F30: IN-S2 | G30: خرید تجهیز ظرفیت | H30: شاهد فرضی DOC-DEMO؛ تحلیل تمرینی | I30: تأمین منابع | J30: نتیجه فرضی مدیریت | K30: خرید یک تجهیز ظرفیت به‌صورت فرضی تصویب شود. | L30: تصویب | M30: بررسی شاهد فرضی و تناسب تصمیم | N30: بله | O30: مسئول فرضی | P30: واحد فرضی | Q30: یک دستگاه؛ بودجه فرضی | R30: 46312 | S30: معیار سناریوی فرضی | T30: بررسی داده پس از اقدام | U30: ACT-S2 | V30: DEMO-APP | W30: 46296 | X30: فرضی؛ صرفاً آموزش | Y30: فرضی؛ مصوبه واقعی نیست | Z30: =IF(A30="","",IF(NOT(AND(COUNTIFS('07-تصمیمات و مصوبات'!$A$8:$A$1007,A30)=1,AND(COUNTIFS('17-جلسات و دوره‌ها'!$A$8:$A$1007,B30)=1,IFERROR(INDEX('17-جلسات و دوره‌ها'!$B$8:$B$1007,MATCH(B30,'17-جلسات و دوره‌ها'!$A$8:$A$1007,0)),"")=C30,IFERROR(INDEX('17-جلسات و دوره‌ها'!$C$8:$C$1007,MATCH(B30,'17-جلسات و دوره‌ها'!$A$8:$A$1007,0)),"")=D30),COUNTIFS('03-ورودی‌های بازنگری'!$A$8:$A$1007,F30)=1,IFERROR(INDEX('03-ورودی‌های بازنگری'!$D$8:$D$1007,MATCH(F30,'03-ورودی‌های بازنگری'!$A$8:$A$1007,0)),"")=B30)),"رابطه ورودی یا جلسه نامعتبر",IF(L30="","پیشنهاد؛ تصویب نشده",IF(OR(IFERROR(INDEX('03-ورودی‌های بازنگری'!$R$8:$R$1007,MATCH(F30,'03-ورودی‌های بازنگری'!$A$8:$A$1007,0)),"")<>"معتبر",H30="",J30="",K30="",M30="",V30="",NOT(ISNUMBER(W30)),N30="",N30="تعیین نشده"),"تعیین تکلیف ناقص",IF(AND(L30="تصویب",N30="بله",OR(O30="",NOT(ISNUMBER(R30)),S30="",T30="")),"مسئول، موعد یا معیار ناقص","معتبر"))))) -> معتبر | AA30: =IF(A30="","",IF(Z30<>"معتبر",Z30,IF(L30<>"تصویب",L30,IF(N30="خیر","تعیین تکلیف مستند؛ بدون اقدام",IF(COUNTIFS('08-برنامه اقدامات'!$B$8:$B$1007,A30)=0,"اقدام لازم؛ ثبت نشده",IF(COUNTIFS('08-برنامه اقدامات'!$B$8:$B$1007,A30,'08-برنامه اقدامات'!$T$8:$T$1007,"بسته؛ اثربخش")=COUNTIFS('08-برنامه اقدامات'!$B$8:$B$1007,A30),"بسته؛ اثربخش","باز؛ اجرا یا اثربخشی باقی است")))))) -> باز؛ اجرا یا اثربخشی باقی است | AB30: =IF(A30="","",IF(B30<>'01-تنظیمات'!$B$5,"",IF('01-تنظیمات'!$B$7="پیش از جلسه",COUNTIFS($B$8:B30,'01-تنظیمات'!$B$5),IF(Z30="معتبر",COUNTIFS($B$8:B30,'01-تنظیمات'!$B$5,$Z$8:Z30,"معتبر"),""))))
A31: DEC-S3 | B31: MR-DEMO-01 | C31: DEMO | D31: P-DEMO | E31: EMS | F31: IN-S3 | G31: مصرف انرژی بالاتر از هدف | H31: شاهد فرضی DOC-DEMO؛ تحلیل تمرینی | I31: هدف محیط‌زیستی | J31: نتیجه فرضی مدیریت | K31: برنامه کاهش مصرف انرژی تدوین شود. | L31: تصویب | M31: بررسی شاهد فرضی و تناسب تصمیم | N31: بله | O31: مسئول فرضی | P31: واحد فرضی | Q31: حسب برنامه فرضی | R31: 46312 | S31: معیار سناریوی فرضی | T31: بررسی داده پس از اقدام | U31: ACT-S3 | V31: DEMO-APP | W31: 46296 | X31: فرضی؛ صرفاً آموزش | Y31: فرضی؛ مصوبه واقعی نیست | Z31: =IF(A31="","",IF(NOT(AND(COUNTIFS('07-تصمیمات و مصوبات'!$A$8:$A$1007,A31)=1,AND(COUNTIFS('17-جلسات و دوره‌ها'!$A$8:$A$1007,B31)=1,IFERROR(INDEX('17-جلسات و دوره‌ها'!$B$8:$B$1007,MATCH(B31,'17-جلسات و دوره‌ها'!$A$8:$A$1007,0)),"")=C31,IFERROR(INDEX('17-جلسات و دوره‌ها'!$C$8:$C$1007,MATCH(B31,'17-جلسات و دوره‌ها'!$A$8:$A$1007,0)),"")=D31),COUNTIFS('03-ورودی‌های بازنگری'!$A$8:$A$1007,F31)=1,IFERROR(INDEX('03-ورودی‌های بازنگری'!$D$8:$D$1007,MATCH(F31,'03-ورودی‌های بازنگری'!$A$8:$A$1007,0)),"")=B31)),"رابطه ورودی یا جلسه نامعتبر",IF(L31="","پیشنهاد؛ تصویب نشده",IF(OR(IFERROR(INDEX('03-ورودی‌های بازنگری'!$R$8:$R$1007,MATCH(F31,'03-ورودی‌های بازنگری'!$A$8:$A$1007,0)),"")<>"معتبر",H31="",J31="",K31="",M31="",V31="",NOT(ISNUMBER(W31)),N31="",N31="تعیین نشده"),"تعیین تکلیف ناقص",IF(AND(L31="تصویب",N31="بله",OR(O31="",NOT(ISNUMBER(R31)),S31="",T31="")),"مسئول، موعد یا معیار ناقص","معتبر"))))) -> معتبر | AA31: =IF(A31="","",IF(Z31<>"معتبر",Z31,IF(L31<>"تصویب",L31,IF(N31="خیر","تعیین تکلیف مستند؛ بدون اقدام",IF(COUNTIFS('08-برنامه اقدامات'!$B$8:$B$1007,A31)=0,"اقدام لازم؛ ثبت نشده",IF(COUNTIFS('08-برنامه اقدامات'!$B$8:$B$1007,A31,'08-برنامه اقدامات'!$T$8:$T$1007,"بسته؛ اثربخش")=COUNTIFS('08-برنامه اقدامات'!$B$8:$B$1007,A31),"بسته؛ اثربخش","باز؛ اجرا یا اثربخشی باقی است")))))) -> باز؛ اجرا یا اثربخشی باقی است | AB31: =IF(A31="","",IF(B31<>'01-تنظیمات'!$B$5,"",IF('01-تنظیمات'!$B$7="پیش از جلسه",COUNTIFS($B$8:B31,'01-تنظیمات'!$B$5),IF(Z31="معتبر",COUNTIFS($B$8:B31,'01-تنظیمات'!$B$5,$Z$8:Z31,"معتبر"),""))))
A32: DEC-S4 | B32: MR-DEMO-01 | C32: DEMO | D32: P-DEMO | E32: OHS | F32: IN-S4 | G32: خطر مهم ایمنی | H32: شاهد فرضی DOC-DEMO؛ تحلیل تمرینی | I32: ایمنی و بهداشت | J32: نتیجه فرضی مدیریت | K32: کنترل مهندسی خطر ایمنی تأمین شود. | L32: تصویب | M32: بررسی شاهد فرضی و تناسب تصمیم | N32: بله | O32: مسئول فرضی | P32: واحد فرضی | Q32: حفاظ مهندسی فرضی | R32: 46312 | S32: معیار سناریوی فرضی | T32: بررسی داده پس از اقدام | U32: ACT-S4 | V32: DEMO-APP | W32: 46296 | X32: فرضی؛ صرفاً آموزش | Y32: فرضی؛ مصوبه واقعی نیست | Z32: =IF(A32="","",IF(NOT(AND(COUNTIFS('07-تصمیمات و مصوبات'!$A$8:$A$1007,A32)=1,AND(COUNTIFS('17-جلسات و دوره‌ها'!$A$8:$A$1007,B32)=1,IFERROR(INDEX('17-جلسات و دوره‌ها'!$B$8:$B$1007,MATCH(B32,'17-جلسات و دوره‌ها'!$A$8:$A$1007,0)),"")=C32,IFERROR(INDEX('17-جلسات و دوره‌ها'!$C$8:$C$1007,MATCH(B32,'17-جلسات و دوره‌ها'!$A$8:$A$1007,0)),"")=D32),COUNTIFS('03-ورودی‌های بازنگری'!$A$8:$A$1007,F32)=1,IFERROR(INDEX('03-ورودی‌های بازنگری'!$D$8:$D$1007,MATCH(F32,'03-ورودی‌های بازنگری'!$A$8:$A$1007,0)),"")=B32)),"رابطه ورودی یا جلسه نامعتبر",IF(L32="","پیشنهاد؛ تصویب نشده",IF(OR(IFERROR(INDEX('03-ورودی‌های بازنگری'!$R$8:$R$1007,MATCH(F32,'03-ورودی‌های بازنگری'!$A$8:$A$1007,0)),"")<>"معتبر",H32="",J32="",K32="",M32="",V32="",NOT(ISNUMBER(W32)),N32="",N32="تعیین نشده"),"تعیین تکلیف ناقص",IF(AND(L32="تصویب",N32="بله",OR(O32="",NOT(ISNUMBER(R32)),S32="",T32="")),"مسئول، موعد یا معیار ناقص","معتبر"))))) -> معتبر | AA32: =IF(A32="","",IF(Z32<>"معتبر",Z32,IF(L32<>"تصویب",L32,IF(N32="خیر","تعیین تکلیف مستند؛ بدون اقدام",IF(COUNTIFS('08-برنامه اقدامات'!$B$8:$B$1007,A32)=0,"اقدام لازم؛ ثبت نشده",IF(COUNTIFS('08-برنامه اقدامات'!$B$8:$B$1007,A32,'08-برنامه اقدامات'!$T$8:$T$1007,"بسته؛ اثربخش")=COUNTIFS('08-برنامه اقدامات'!$B$8:$B$1007,A32),"بسته؛ اثربخش","باز؛ اجرا یا اثربخشی باقی است")))))) -> باز؛ اجرا یا اثربخشی باقی است | AB32: =IF(A32="","",IF(B32<>'01-تنظیمات'!$B$5,"",IF('01-تنظیمات'!$B$7="پیش از جلسه",COUNTIFS($B$8:B32,'01-تنظیمات'!$B$5),IF(Z32="معتبر",COUNTIFS($B$8:B32,'01-تنظیمات'!$B$5,$Z$8:Z32,"معتبر"),""))))
A33: DEC-S5 | B33: MR-DEMO-01 | C33: DEMO | D33: P-DEMO | E33: QMS | F33: IN-S5 | G33: هدف محقق‌شده بدون نیاز تغییر | H33: شاهد فرضی DOC-DEMO؛ تحلیل تمرینی | I33: عدم نیاز به تغییر | J33: نتیجه فرضی مدیریت | K33: بررسی شد؛ در حال حاضر اقدام یا تغییر جدید ضروری تشخیص داده نشد. | L33: تصویب | M33: بررسی شاهد فرضی و تناسب تصمیم | N33: خیر | O33: مسئول فرضی | P33: واحد فرضی | Q33: حسب برنامه فرضی | R33: 46312 | S33: حفظ عملکرد حداقل ۹۵٪ | T33: بررسی داده پس از اقدام | V33: DEMO-APP | W33: 46296 | X33: فرضی؛ صرفاً آموزش | Y33: فرضی؛ مصوبه واقعی نیست | Z33: =IF(A33="","",IF(NOT(AND(COUNTIFS('07-تصمیمات و مصوبات'!$A$8:$A$1007,A33)=1,AND(COUNTIFS('17-جلسات و دوره‌ها'!$A$8:$A$1007,B33)=1,IFERROR(INDEX('17-جلسات و دوره‌ها'!$B$8:$B$1007,MATCH(B33,'17-جلسات و دوره‌ها'!$A$8:$A$1007,0)),"")=C33,IFERROR(INDEX('17-جلسات و دوره‌ها'!$C$8:$C$1007,MATCH(B33,'17-جلسات و دوره‌ها'!$A$8:$A$1007,0)),"")=D33),COUNTIFS('03-ورودی‌های بازنگری'!$A$8:$A$1007,F33)=1,IFERROR(INDEX('03-ورودی‌های بازنگری'!$D$8:$D$1007,MATCH(F33,'03-ورودی‌های بازنگری'!$A$8:$A$1007,0)),"")=B33)),"رابطه ورودی یا جلسه نامعتبر",IF(L33="","پیشنهاد؛ تصویب نشده",IF(OR(IFERROR(INDEX('03-ورودی‌های بازنگری'!$R$8:$R$1007,MATCH(F33,'03-ورودی‌های بازنگری'!$A$8:$A$1007,0)),"")<>"معتبر",H33="",J33="",K33="",M33="",V33="",NOT(ISNUMBER(W33)),N33="",N33="تعیین نشده"),"تعیین تکلیف ناقص",IF(AND(L33="تصویب",N33="بله",OR(O33="",NOT(ISNUMBER(R33)),S33="",T33="")),"مسئول، موعد یا معیار ناقص","معتبر"))))) -> معتبر | AA33: =IF(A33="","",IF(Z33<>"معتبر",Z33,IF(L33<>"تصویب",L33,IF(N33="خیر","تعیین تکلیف مستند؛ بدون اقدام",IF(COUNTIFS('08-برنامه اقدامات'!$B$8:$B$1007,A33)=0,"اقدام لازم؛ ثبت نشده",IF(COUNTIFS('08-برنامه اقدامات'!$B$8:$B$1007,A33,'08-برنامه اقدامات'!$T$8:$T$1007,"بسته؛ اثربخش")=COUNTIFS('08-برنامه اقدامات'!$B$8:$B$1007,A33),"بسته؛ اثربخش","باز؛ اجرا یا اثربخشی باقی است")))))) -> تعیین تکلیف مستند؛ بدون اقدام | AB33: =IF(A33="","",IF(B33<>'01-تنظیمات'!$B$5,"",IF('01-تنظیمات'!$B$7="پیش از جلسه",COUNTIFS($B$8:B33,'01-تنظیمات'!$B$5),IF(Z33="معتبر",COUNTIFS($B$8:B33,'01-تنظیمات'!$B$5,$Z$8:Z33,"معتبر"),""))))
A34: DEC-S6 | B34: MR-DEMO-01 | C34: DEMO | D34: P-DEMO | E34: QMS | F34: IN-S6 | G34: اقدام اجراشده بدون اثربخشی | H34: شاهد فرضی DOC-DEMO؛ تحلیل تمرینی | I34: بهبود مستمر | J34: نتیجه فرضی مدیریت | K34: پس از اجرای تعمیر، اثربخشی جداگانه بررسی شود. | L34: تصویب | M34: بررسی شاهد فرضی و تناسب تصمیم | N34: بله | O34: مسئول فرضی | P34: واحد فرضی | Q34: حسب برنامه فرضی | R34: 46312 | S34: معیار سناریوی فرضی | T34: بررسی داده پس از اقدام | U34: ACT-S6 | V34: DEMO-APP | W34: 46296 | X34: فرضی؛ صرفاً آموزش | Y34: فرضی؛ مصوبه واقعی نیست | Z34: =IF(A34="","",IF(NOT(AND(COUNTIFS('07-تصمیمات و مصوبات'!$A$8:$A$1007,A34)=1,AND(COUNTIFS('17-جلسات و دوره‌ها'!$A$8:$A$1007,B34)=1,IFERROR(INDEX('17-جلسات و دوره‌ها'!$B$8:$B$1007,MATCH(B34,'17-جلسات و دوره‌ها'!$A$8:$A$1007,0)),"")=C34,IFERROR(INDEX('17-جلسات و دوره‌ها'!$C$8:$C$1007,MATCH(B34,'17-جلسات و دوره‌ها'!$A$8:$A$1007,0)),"")=D34),COUNTIFS('03-ورودی‌های بازنگری'!$A$8:$A$1007,F34)=1,IFERROR(INDEX('03-ورودی‌های بازنگری'!$D$8:$D$1007,MATCH(F34,'03-ورودی‌های بازنگری'!$A$8:$A$1007,0)),"")=B34)),"رابطه ورودی یا جلسه نامعتبر",IF(L34="","پیشنهاد؛ تصویب نشده",IF(OR(IFERROR(INDEX('03-ورودی‌های بازنگری'!$R$8:$R$1007,MATCH(F34,'03-ورودی‌های بازنگری'!$A$8:$A$1007,0)),"")<>"معتبر",H34="",J34="",K34="",M34="",V34="",NOT(ISNUMBER(W34)),N34="",N34="تعیین نشده"),"تعیین تکلیف ناقص",IF(AND(L34="تصویب",N34="بله",OR(O34="",NOT(ISNUMBER(R34)),S34="",T34="")),"مسئول، موعد یا معیار ناقص","معتبر"))))) -> معتبر | AA34: =IF(A34="","",IF(Z34<>"معتبر",Z34,IF(L34<>"تصویب",L34,IF(N34="خیر","تعیین تکلیف مستند؛ بدون اقدام",IF(COUNTIFS('08-برنامه اقدامات'!$B$8:$B$1007,A34)=0,"اقدام لازم؛ ثبت نشده",IF(COUNTIFS('08-برنامه اقدامات'!$B$8:$B$1007,A34,'08-برنامه اقدامات'!$T$8:$T$1007,"بسته؛ اثربخش")=COUNTIFS('08-برنامه اقدامات'!$B$8:$B$1007,A34),"بسته؛ اثربخش","باز؛ اجرا یا اثربخشی باقی است")))))) -> باز؛ اجرا یا اثربخشی باقی است | AB34: =IF(A34="","",IF(B34<>'01-تنظیمات'!$B$5,"",IF('01-تنظیمات'!$B$7="پیش از جلسه",COUNTIFS($B$8:B34,'01-تنظیمات'!$B$5),IF(Z34="معتبر",COUNTIFS($B$8:B34,'01-تنظیمات'!$B$5,$Z$8:Z34,"معتبر"),""))))
A35: DEC-S7 | B35: MR-DEMO-01 | C35: DEMO | D35: P-DEMO | E35: QMS | F35: IN-S7 | G35: رد درخواست منبع | H35: شاهد فرضی DOC-DEMO؛ تحلیل تمرینی | I35: تأمین منابع | J35: نتیجه فرضی مدیریت | K35: درخواست خرید رد و ریسک باقی‌مانده پایش شود. | L35: رد | M35: محدودیت بودجه فرضی؛ ریسک توقف باقی است | N35: خیر | O35: مسئول فرضی | P35: واحد فرضی | Q35: حسب برنامه فرضی | R35: 46312 | S35: معیار سناریوی فرضی | T35: بررسی داده پس از اقدام | V35: DEMO-APP | W35: 46296 | X35: فرضی؛ صرفاً آموزش | Y35: فرضی؛ مصوبه واقعی نیست | Z35: =IF(A35="","",IF(NOT(AND(COUNTIFS('07-تصمیمات و مصوبات'!$A$8:$A$1007,A35)=1,AND(COUNTIFS('17-جلسات و دوره‌ها'!$A$8:$A$1007,B35)=1,IFERROR(INDEX('17-جلسات و دوره‌ها'!$B$8:$B$1007,MATCH(B35,'17-جلسات و دوره‌ها'!$A$8:$A$1007,0)),"")=C35,IFERROR(INDEX('17-جلسات و دوره‌ها'!$C$8:$C$1007,MATCH(B35,'17-جلسات و دوره‌ها'!$A$8:$A$1007,0)),"")=D35),COUNTIFS('03-ورودی‌های بازنگری'!$A$8:$A$1007,F35)=1,IFERROR(INDEX('03-ورودی‌های بازنگری'!$D$8:$D$1007,MATCH(F35,'03-ورودی‌های بازنگری'!$A$8:$A$1007,0)),"")=B35)),"رابطه ورودی یا جلسه نامعتبر",IF(L35="","پیشنهاد؛ تصویب نشده",IF(OR(IFERROR(INDEX('03-ورودی‌های بازنگری'!$R$8:$R$1007,MATCH(F35,'03-ورودی‌های بازنگری'!$A$8:$A$1007,0)),"")<>"معتبر",H35="",J35="",K35="",M35="",V35="",NOT(ISNUMBER(W35)),N35="",N35="تعیین نشده"),"تعیین تکلیف ناقص",IF(AND(L35="تصویب",N35="بله",OR(O35="",NOT(ISNUMBER(R35)),S35="",T35="")),"مسئول، موعد یا معیار ناقص","معتبر"))))) -> معتبر | AA35: =IF(A35="","",IF(Z35<>"معتبر",Z35,IF(L35<>"تصویب",L35,IF(N35="خیر","تعیین تکلیف مستند؛ بدون اقدام",IF(COUNTIFS('08-برنامه اقدامات'!$B$8:$B$1007,A35)=0,"اقدام لازم؛ ثبت نشده",IF(COUNTIFS('08-برنامه اقدامات'!$B$8:$B$1007,A35,'08-برنامه اقدامات'!$T$8:$T$1007,"بسته؛ اثربخش")=COUNTIFS('08-برنامه اقدامات'!$B$8:$B$1007,A35),"بسته؛ اثربخش","باز؛ اجرا یا اثربخشی باقی است")))))) -> رد | AB35: =IF(A35="","",IF(B35<>'01-تنظیمات'!$B$5,"",IF('01-تنظیمات'!$B$7="پیش از جلسه",COUNTIFS($B$8:B35,'01-تنظیمات'!$B$5),IF(Z35="معتبر",COUNTIFS($B$8:B35,'01-تنظیمات'!$B$5,$Z$8:Z35,"معتبر"),""))))
Z36: =IF(A36="","",IF(NOT(AND(COUNTIFS('07-تصمیمات و مصوبات'!$A$8:$A$1007,A36)=1,AND(COUNTIFS('17-جلسات و دوره‌ها'!$A$8:$A$1007,B36)=1,IFERROR(INDEX('17-جلسات و دوره‌ها'!$B$8:$B$1007,MATCH(B36,'17-جلسات و دوره‌ها'!$A$8:$A$1007,0)),"")=C36,IFERROR(INDEX('17-جلسات و دوره‌ها'!$C$8:$C$1007,MATCH(B36,'17-جلسات و دوره‌ها'!$A$8:$A$1007,0)),"")=D36),COUNTIFS('03-ورودی‌های بازنگری'!$A$8:$A$1007,F36)=1,IFERROR(INDEX('03-ورودی‌های بازنگری'!$D$8:$D$1007,MATCH(F36,'03-ورودی‌های بازنگری'!$A$8:$A$1007,0)),"")=B36)),"رابطه ورودی یا جلسه نامعتبر",IF(L36="","پیشنهاد؛ تصویب نشده",IF(OR(IFERROR(INDEX('03-ورودی‌های بازنگری'!$R$8:$R$1007,MATCH(F36,'03-ورودی‌های بازنگری'!$A$8:$A$1007,0)),"")<>"معتبر",H36="",J36="",K36="",M36="",V36="",NOT(ISNUMBER(W36)),N36="",N36="تعیین نشده"),"تعیین تکلیف ناقص",IF(AND(L36="تصویب",N36="بله",OR(O36="",NOT(ISNUMBER(R36)),S36="",T36="")),"مسئول، موعد یا معیار ناقص","معتبر"))))) | AA36: =IF(A36="","",IF(Z36<>"معتبر",Z36,IF(L36<>"تصویب",L36,IF(N36="خیر","تعیین تکلیف مستند؛ بدون اقدام",IF(COUNTIFS('08-برنامه اقدامات'!$B$8:$B$1007,A36)=0,"اقدام لازم؛ ثبت نشده",IF(COUNTIFS('08-برنامه اقدامات'!$B$8:$B$1007,A36,'08-برنامه اقدامات'!$T$8:$T$1007,"بسته؛ اثربخش")=COUNTIFS('08-برنامه اقدامات'!$B$8:$B$1007,A36),"بسته؛ اثربخش","باز؛ اجرا یا اثربخشی باقی است")))))) | AB36: =IF(A36="","",IF(B36<>'01-تنظیمات'!$B$5,"",IF('01-تنظیمات'!$B$7="پیش از جلسه",COUNTIFS($B$8:B36,'01-تنظیمات'!$B$5),IF(Z36="معتبر",COUNTIFS($B$8:B36,'01-تنظیمات'!$B$5,$Z$8:Z36,"معتبر"),""))))
Z37: =IF(A37="","",IF(NOT(AND(COUNTIFS('07-تصمیمات و مصوبات'!$A$8:$A$1007,A37)=1,AND(COUNTIFS('17-جلسات و دوره‌ها'!$A$8:$A$1007,B37)=1,IFERROR(INDEX('17-جلسات و دوره‌ها'!$B$8:$B$1007,MATCH(B37,'17-جلسات و دوره‌ها'!$A$8:$A$1007,0)),"")=C37,IFERROR(INDEX('17-جلسات و دوره‌ها'!$C$8:$C$1007,MATCH(B37,'17-جلسات و دوره‌ها'!$A$8:$A$1007,0)),"")=D37),COUNTIFS('03-ورودی‌های بازنگری'!$A$8:$A$1007,F37)=1,IFERROR(INDEX('03-ورودی‌های بازنگری'!$D$8:$D$1007,MATCH(F37,'03-ورودی‌های بازنگری'!$A$8:$A$1007,0)),"")=B37)),"رابطه ورودی یا جلسه نامعتبر",IF(L37="","پیشنهاد؛ تصویب نشده",IF(OR(IFERROR(INDEX('03-ورودی‌های بازنگری'!$R$8:$R$1007,MATCH(F37,'03-ورودی‌های بازنگری'!$A$8:$A$1007,0)),"")<>"معتبر",H37="",J37="",K37="",M37="",V37="",NOT(ISNUMBER(W37)),N37="",N37="تعیین نشده"),"تعیین تکلیف ناقص",IF(AND(L37="تصویب",N37="بله",OR(O37="",NOT(ISNUMBER(R37)),S37="",T37="")),"مسئول، موعد یا معیار ناقص","معتبر"))))) | AA37: =IF(A37="","",IF(Z37<>"معتبر",Z37,IF(L37<>"تصویب",L37,IF(N37="خیر","تعیین تکلیف مستند؛ بدون اقدام",IF(COUNTIFS('08-برنامه اقدامات'!$B$8:$B$1007,A37)=0,"اقدام لازم؛ ثبت نشده",IF(COUNTIFS('08-برنامه اقدامات'!$B$8:$B$1007,A37,'08-برنامه اقدامات'!$T$8:$T$1007,"بسته؛ اثربخش")=COUNTIFS('08-برنامه اقدامات'!$B$8:$B$1007,A37),"بسته؛ اثربخش","باز؛ اجرا یا اثربخشی باقی است")))))) | AB37: =IF(A37="","",IF(B37<>'01-تنظیمات'!$B$5,"",IF('01-تنظیمات'!$B$7="پیش از جلسه",COUNTIFS($B$8:B37,'01-تنظیمات'!$B$5),IF(Z37="معتبر",COUNTIFS($B$8:B37,'01-تنظیمات'!$B$5,$Z$8:Z37,"معتبر"),""))))
Z38: =IF(A38="","",IF(NOT(AND(COUNTIFS('07-تصمیمات و مصوبات'!$A$8:$A$1007,A38)=1,AND(COUNTIFS('17-جلسات و دوره‌ها'!$A$8:$A$1007,B38)=1,IFERROR(INDEX('17-جلسات و دوره‌ها'!$B$8:$B$1007,MATCH(B38,'17-جلسات و دوره‌ها'!$A$8:$A$1007,0)),"")=C38,IFERROR(INDEX('17-جلسات و دوره‌ها'!$C$8:$C$1007,MATCH(B38,'17-جلسات و دوره‌ها'!$A$8:$A$1007,0)),"")=D38),COUNTIFS('03-ورودی‌های بازنگری'!$A$8:$A$1007,F38)=1,IFERROR(INDEX('03-ورودی‌های بازنگری'!$D$8:$D$1007,MATCH(F38,'03-ورودی‌های بازنگری'!$A$8:$A$1007,0)),"")=B38)),"رابطه ورودی یا جلسه نامعتبر",IF(L38="","پیشنهاد؛ تصویب نشده",IF(OR(IFERROR(INDEX('03-ورودی‌های بازنگری'!$R$8:$R$1007,MATCH(F38,'03-ورودی‌های بازنگری'!$A$8:$A$1007,0)),"")<>"معتبر",H38="",J38="",K38="",M38="",V38="",NOT(ISNUMBER(W38)),N38="",N38="تعیین نشده"),"تعیین تکلیف ناقص",IF(AND(L38="تصویب",N38="بله",OR(O38="",NOT(ISNUMBER(R38)),S38="",T38="")),"مسئول، موعد یا معیار ناقص","معتبر"))))) | AA38: =IF(A38="","",IF(Z38<>"معتبر",Z38,IF(L38<>"تصویب",L38,IF(N38="خیر","تعیین تکلیف مستند؛ بدون اقدام",IF(COUNTIFS('08-برنامه اقدامات'!$B$8:$B$1007,A38)=0,"اقدام لازم؛ ثبت نشده",IF(COUNTIFS('08-برنامه اقدامات'!$B$8:$B$1007,A38,'08-برنامه اقدامات'!$T$8:$T$1007,"بسته؛ اثربخش")=COUNTIFS('08-برنامه اقدامات'!$B$8:$B$1007,A38),"بسته؛ اثربخش","باز؛ اجرا یا اثربخشی باقی است")))))) | AB38: =IF(A38="","",IF(B38<>'01-تنظیمات'!$B$5,"",IF('01-تنظیمات'!$B$7="پیش از جلسه",COUNTIFS($B$8:B38,'01-تنظیمات'!$B$5),IF(Z38="معتبر",COUNTIFS($B$8:B38,'01-تنظیمات'!$B$5,$Z$8:Z38,"معتبر"),""))))
Z39: =IF(A39="","",IF(NOT(AND(COUNTIFS('07-تصمیمات و مصوبات'!$A$8:$A$1007,A39)=1,AND(COUNTIFS('17-جلسات و دوره‌ها'!$A$8:$A$1007,B39)=1,IFERROR(INDEX('17-جلسات و دوره‌ها'!$B$8:$B$1007,MATCH(B39,'17-جلسات و دوره‌ها'!$A$8:$A$1007,0)),"")=C39,IFERROR(INDEX('17-جلسات و دوره‌ها'!$C$8:$C$1007,MATCH(B39,'17-جلسات و دوره‌ها'!$A$8:$A$1007,0)),"")=D39),COUNTIFS('03-ورودی‌های بازنگری'!$A$8:$A$1007,F39)=1,IFERROR(INDEX('03-ورودی‌های بازنگری'!$D$8:$D$1007,MATCH(F39,'03-ورودی‌های بازنگری'!$A$8:$A$1007,0)),"")=B39)),"رابطه ورودی یا جلسه نامعتبر",IF(L39="","پیشنهاد؛ تصویب نشده",IF(OR(IFERROR(INDEX('03-ورودی‌های بازنگری'!$R$8:$R$1007,MATCH(F39,'03-ورودی‌های بازنگری'!$A$8:$A$1007,0)),"")<>"معتبر",H39="",J39="",K39="",M39="",V39="",NOT(ISNUMBER(W39)),N39="",N39="تعیین نشده"),"تعیین تکلیف ناقص",IF(AND(L39="تصویب",N39="بله",OR(O39="",NOT(ISNUMBER(R39)),S39="",T39="")),"مسئول، موعد یا معیار ناقص","معتبر"))))) | AA39: =IF(A39="","",IF(Z39<>"معتبر",Z39,IF(L39<>"تصویب",L39,IF(N39="خیر","تعیین تکلیف مستند؛ بدون اقدام",IF(COUNTIFS('08-برنامه اقدامات'!$B$8:$B$1007,A39)=0,"اقدام لازم؛ ثبت نشده",IF(COUNTIFS('08-برنامه اقدامات'!$B$8:$B$1007,A39,'08-برنامه اقدامات'!$T$8:$T$1007,"بسته؛ اثربخش")=COUNTIFS('08-برنامه اقدامات'!$B$8:$B$1007,A39),"بسته؛ اثربخش","باز؛ اجرا یا اثربخشی باقی است")))))) | AB39: =IF(A39="","",IF(B39<>'01-تنظیمات'!$B$5,"",IF('01-تنظیمات'!$B$7="پیش از جلسه",COUNTIFS($B$8:B39,'01-تنظیمات'!$B$5),IF(Z39="معتبر",COUNTIFS($B$8:B39,'01-تنظیمات'!$B$5,$Z$8:Z39,"معتبر"),""))))
Z40: =IF(A40="","",IF(NOT(AND(COUNTIFS('07-تصمیمات و مصوبات'!$A$8:$A$1007,A40)=1,AND(COUNTIFS('17-جلسات و دوره‌ها'!$A$8:$A$1007,B40)=1,IFERROR(INDEX('17-جلسات و دوره‌ها'!$B$8:$B$1007,MATCH(B40,'17-جلسات و دوره‌ها'!$A$8:$A$1007,0)),"")=C40,IFERROR(INDEX('17-جلسات و دوره‌ها'!$C$8:$C$1007,MATCH(B40,'17-جلسات و دوره‌ها'!$A$8:$A$1007,0)),"")=D40),COUNTIFS('03-ورودی‌های بازنگری'!$A$8:$A$1007,F40)=1,IFERROR(INDEX('03-ورودی‌های بازنگری'!$D$8:$D$1007,MATCH(F40,'03-ورودی‌های بازنگری'!$A$8:$A$1007,0)),"")=B40)),"رابطه ورودی یا جلسه نامعتبر",IF(L40="","پیشنهاد؛ تصویب نشده",IF(OR(IFERROR(INDEX('03-ورودی‌های بازنگری'!$R$8:$R$1007,MATCH(F40,'03-ورودی‌های بازنگری'!$A$8:$A$1007,0)),"")<>"معتبر",H40="",J40="",K40="",M40="",V40="",NOT(ISNUMBER(W40)),N40="",N40="تعیین نشده"),"تعیین تکلیف ناقص",IF(AND(L40="تصویب",N40="بله",OR(O40="",NOT(ISNUMBER(R40)),S40="",T40="")),"مسئول، موعد یا معیار ناقص","معتبر"))))) | AA40: =IF(A40="","",IF(Z40<>"معتبر",Z40,IF(L40<>"تصویب",L40,IF(N40="خیر","تعیین تکلیف مستند؛ بدون اقدام",IF(COUNTIFS('08-برنامه اقدامات'!$B$8:$B$1007,A40)=0,"اقدام لازم؛ ثبت نشده",IF(COUNTIFS('08-برنامه اقدامات'!$B$8:$B$1007,A40,'08-برنامه اقدامات'!$T$8:$T$1007,"بسته؛ اثربخش")=COUNTIFS('08-برنامه اقدامات'!$B$8:$B$1007,A40),"بسته؛ اثربخش","باز؛ اجرا یا اثربخشی باقی است")))))) | AB40: =IF(A40="","",IF(B40<>'01-تنظیمات'!$B$5,"",IF('01-تنظیمات'!$B$7="پیش از جلسه",COUNTIFS($B$8:B40,'01-تنظیمات'!$B$5),IF(Z40="معتبر",COUNTIFS($B$8:B40,'01-تنظیمات'!$B$5,$Z$8:Z40,"معتبر"),""))))
Z41: =IF(A41="","",IF(NOT(AND(COUNTIFS('07-تصمیمات و مصوبات'!$A$8:$A$1007,A41)=1,AND(COUNTIFS('17-جلسات و دوره‌ها'!$A$8:$A$1007,B41)=1,IFERROR(INDEX('17-جلسات و دوره‌ها'!$B$8:$B$1007,MATCH(B41,'17-جلسات و دوره‌ها'!$A$8:$A$1007,0)),"")=C41,IFERROR(INDEX('17-جلسات و دوره‌ها'!$C$8:$C$1007,MATCH(B41,'17-جلسات و دوره‌ها'!$A$8:$A$1007,0)),"")=D41),COUNTIFS('03-ورودی‌های بازنگری'!$A$8:$A$1007,F41)=1,IFERROR(INDEX('03-ورودی‌های بازنگری'!$D$8:$D$1007,MATCH(F41,'03-ورودی‌های بازنگری'!$A$8:$A$1007,0)),"")=B41)),"رابطه ورودی یا جلسه نامعتبر",IF(L41="","پیشنهاد؛ تصویب نشده",IF(OR(IFERROR(INDEX('03-ورودی‌های بازنگری'!$R$8:$R$1007,MATCH(F41,'03-ورودی‌های بازنگری'!$A$8:$A$1007,0)),"")<>"معتبر",H41="",J41="",K41="",M41="",V41="",NOT(ISNUMBER(W41)),N41="",N41="تعیین نشده"),"تعیین تکلیف ناقص",IF(AND(L41="تصویب",N41="بله",OR(O41="",NOT(ISNUMBER(R41)),S41="",T41="")),"مسئول، موعد یا معیار ناقص","معتبر"))))) | AA41: =IF(A41="","",IF(Z41<>"معتبر",Z41,IF(L41<>"تصویب",L41,IF(N41="خیر","تعیین تکلیف مستند؛ بدون اقدام",IF(COUNTIFS('08-برنامه اقدامات'!$B$8:$B$1007,A41)=0,"اقدام لازم؛ ثبت نشده",IF(COUNTIFS('08-برنامه اقدامات'!$B$8:$B$1007,A41,'08-برنامه اقدامات'!$T$8:$T$1007,"بسته؛ اثربخش")=COUNTIFS('08-برنامه اقدامات'!$B$8:$B$1007,A41),"بسته؛ اثربخش","باز؛ اجرا یا اثربخشی باقی است")))))) | AB41: =IF(A41="","",IF(B41<>'01-تنظیمات'!$B$5,"",IF('01-تنظیمات'!$B$7="پیش از جلسه",COUNTIFS($B$8:B41,'01-تنظیمات'!$B$5),IF(Z41="معتبر",COUNTIFS($B$8:B41,'01-تنظیمات'!$B$5,$Z$8:Z41,"معتبر"),""))))
Z42: =IF(A42="","",IF(NOT(AND(COUNTIFS('07-تصمیمات و مصوبات'!$A$8:$A$1007,A42)=1,AND(COUNTIFS('17-جلسات و دوره‌ها'!$A$8:$A$1007,B42)=1,IFERROR(INDEX('17-جلسات و دوره‌ها'!$B$8:$B$1007,MATCH(B42,'17-جلسات و دوره‌ها'!$A$8:$A$1007,0)),"")=C42,IFERROR(INDEX('17-جلسات و دوره‌ها'!$C$8:$C$1007,MATCH(B42,'17-جلسات و دوره‌ها'!$A$8:$A$1007,0)),"")=D42),COUNTIFS('03-ورودی‌های بازنگری'!$A$8:$A$1007,F42)=1,IFERROR(INDEX('03-ورودی‌های بازنگری'!$D$8:$D$1007,MATCH(F42,'03-ورودی‌های بازنگری'!$A$8:$A$1007,0)),"")=B42)),"رابطه ورودی یا جلسه نامعتبر",IF(L42="","پیشنهاد؛ تصویب نشده",IF(OR(IFERROR(INDEX('03-ورودی‌های بازنگری'!$R$8:$R$1007,MATCH(F42,'03-ورودی‌های بازنگری'!$A$8:$A$1007,0)),"")<>"معتبر",H42="",J42="",K42="",M42="",V42="",NOT(ISNUMBER(W42)),N42="",N42="تعیین نشده"),"تعیین تکلیف ناقص",IF(AND(L42="تصویب",N42="بله",OR(O42="",NOT(ISNUMBER(R42)),S42="",T42="")),"مسئول، موعد یا معیار ناقص","معتبر"))))) | AA42: =IF(A42="","",IF(Z42<>"معتبر",Z42,IF(L42<>"تصویب",L42,IF(N42="خیر","تعیین تکلیف مستند؛ بدون اقدام",IF(COUNTIFS('08-برنامه اقدامات'!$B$8:$B$1007,A42)=0,"اقدام لازم؛ ثبت نشده",IF(COUNTIFS('08-برنامه اقدامات'!$B$8:$B$1007,A42,'08-برنامه اقدامات'!$T$8:$T$1007,"بسته؛ اثربخش")=COUNTIFS('08-برنامه اقدامات'!$B$8:$B$1007,A42),"بسته؛ اثربخش","باز؛ اجرا یا اثربخشی باقی است")))))) | AB42: =IF(A42="","",IF(B42<>'01-تنظیمات'!$B$5,"",IF('01-تنظیمات'!$B$7="پیش از جلسه",COUNTIFS($B$8:B42,'01-تنظیمات'!$B$5),IF(Z42="معتبر",COUNTIFS($B$8:B42,'01-تنظیمات'!$B$5,$Z$8:Z42,"معتبر"),""))))
Z43: =IF(A43="","",IF(NOT(AND(COUNTIFS('07-تصمیمات و مصوبات'!$A$8:$A$1007,A43)=1,AND(COUNTIFS('17-جلسات و دوره‌ها'!$A$8:$A$1007,B43)=1,IFERROR(INDEX('17-جلسات و دوره‌ها'!$B$8:$B$1007,MATCH(B43,'17-جلسات و دوره‌ها'!$A$8:$A$1007,0)),"")=C43,IFERROR(INDEX('17-جلسات و دوره‌ها'!$C$8:$C$1007,MATCH(B43,'17-جلسات و دوره‌ها'!$A$8:$A$1007,0)),"")=D43),COUNTIFS('03-ورودی‌های بازنگری'!$A$8:$A$1007,F43)=1,IFERROR(INDEX('03-ورودی‌های بازنگری'!$D$8:$D$1007,MATCH(F43,'03-ورودی‌های بازنگری'!$A$8:$A$1007,0)),"")=B43)),"رابطه ورودی یا جلسه نامعتبر",IF(L43="","پیشنهاد؛ تصویب نشده",IF(OR(IFERROR(INDEX('03-ورودی‌های بازنگری'!$R$8:$R$1007,MATCH(F43,'03-ورودی‌های بازنگری'!$A$8:$A$1007,0)),"")<>"معتبر",H43="",J43="",K43="",M43="",V43="",NOT(ISNUMBER(W43)),N43="",N43="تعیین نشده"),"تعیین تکلیف ناقص",IF(AND(L43="تصویب",N43="بله",OR(O43="",NOT(ISNUMBER(R43)),S43="",T43="")),"مسئول، موعد یا معیار ناقص","معتبر"))))) | AA43: =IF(A43="","",IF(Z43<>"معتبر",Z43,IF(L43<>"تصویب",L43,IF(N43="خیر","تعیین تکلیف مستند؛ بدون اقدام",IF(COUNTIFS('08-برنامه اقدامات'!$B$8:$B$1007,A43)=0,"اقدام لازم؛ ثبت نشده",IF(COUNTIFS('08-برنامه اقدامات'!$B$8:$B$1007,A43,'08-برنامه اقدامات'!$T$8:$T$1007,"بسته؛ اثربخش")=COUNTIFS('08-برنامه اقدامات'!$B$8:$B$1007,A43),"بسته؛ اثربخش","باز؛ اجرا یا اثربخشی باقی است")))))) | AB43: =IF(A43="","",IF(B43<>'01-تنظیمات'!$B$5,"",IF('01-تنظیمات'!$B$7="پیش از جلسه",COUNTIFS($B$8:B43,'01-تنظیمات'!$B$5),IF(Z43="معتبر",COUNTIFS($B$8:B43,'01-تنظیمات'!$B$5,$Z$8:Z43,"معتبر"),""))))

Sheet 08-برنامه اقدامات
A1: برنامه اقدامات اجرایی
A2: هر اقدام یک تصمیم مادر دارد. تاریخ‌ها باید تاریخ واقعی Excel با قالب میلادی باشند؛ تاریخ شمسی متنی برای محاسبه موعد استفاده نشود. روز پیشنهادی بدون تاریخ تصویب، موعد قطعی ایجاد نمی‌کند.
A7: شناسه اقدام | B7: شناسه تصمیم | C7: شرکت | D7: دوره | E7: جلسه | F7: نوع داده | G7: فعالیت اجرایی | H7: مسئول | I7: روز پیشنهادی | J7: موعد مصوب میلادی | K7: اولویت | L7: وضعیت اجرا | M7: معیار خاتمه | N7: شناسه شاهد اجرا | O7: تاریخ اجرا | P7: نتیجه اجرا | Q7: کنترل ارتباط و اجرا | R7: وضعیت موعد | S7: ارزیابی معتبر | T7: وضعیت عملیاتی
A8: ACT-A01 | B8: DEC-A01 | C8: NIPCO | D8: P-BASE | E8: MR-NIPCO-BASE | F8: واقعی؛ نیازمند تأیید | G8: تثبیت دوره، نسخه استاندارد و دامنه سایت‌ها | H8: تضمین کیفیت / دبیر بازنگری | I8: 7 | K8: فوری | L8: شروع نشده | M8: مشخصات تأییدشده و نسخه گواهینامه‌ها | Q8: =IF(A8="","",IF(NOT(AND(COUNTIFS('08-برنامه اقدامات'!$A$8:$A$1007,A8)=1,AND(COUNTIFS('17-جلسات و دوره‌ها'!$A$8:$A$1007,E8)=1,IFERROR(INDEX('17-جلسات و دوره‌ها'!$B$8:$B$1007,MATCH(E8,'17-جلسات و دوره‌ها'!$A$8:$A$1007,0)),"")=C8,IFERROR(INDEX('17-جلسات و دوره‌ها'!$C$8:$C$1007,MATCH(E8,'17-جلسات و دوره‌ها'!$A$8:$A$1007,0)),"")=D8),COUNTIFS('07-تصمیمات و مصوبات'!$A$8:$A$1007,B8)=1,IFERROR(INDEX('07-تصمیمات و مصوبات'!$B$8:$B$1007,MATCH(B8,'07-تصمیمات و مصوبات'!$A$8:$A$1007,0)),"")=E8)),"رابطه تصمیم نامعتبر",IF(OR(G8="",H8="",NOT(ISNUMBER(J8)),M8=""),"مسئول، موعد یا معیار ناقص",IF(OR(IFERROR(INDEX('07-تصمیمات و مصوبات'!$L$8:$L$1007,MATCH(B8,'07-تصمیمات و مصوبات'!$A$8:$A$1007,0)),"")<>"تصویب",IFERROR(INDEX('07-تصمیمات و مصوبات'!$V$8:$V$1007,MATCH(B8,'07-تصمیمات و مصوبات'!$A$8:$A$1007,0)),"")="",IFERROR(INDEX('07-تصمیمات و مصوبات'!$Z$8:$Z$1007,MATCH(B8,'07-تصمیمات و مصوبات'!$A$8:$A$1007,0)),"")<>"معتبر"),"مصوبه مادر تأیید نشده",IF(AND(L8="انجام شد",OR(NOT(AND(COUNTIFS('14-مستندات و پیوست‌ها'!$A$8:$A$1007,N8)=1,IFERROR(INDEX('14-مستندات و پیوست‌ها'!$B$8:$B$1007,MATCH(N8,'14-مستندات و پیوست‌ها'!$A$8:$A$1007,0)),"")=C8,OR(IFERROR(INDEX('14-مستندات و پیوست‌ها'!$H$8:$H$1007,MATCH(N8,'14-مستندات و پیوست‌ها'!$A$8:$A$1007,0)),"")="دریافت شده",IFERROR(INDEX('14-مستندات و پیوست‌ها'!$H$8:$H$1007,MATCH(N8,'14-مستندات و پیوست‌ها'!$A$8:$A$1007,0)),"")="فرضی"))),NOT(ISNUMBER(O8)),P8="")),"شاهد تکمیل ناقص","معتبر"))))) -> مسئول، موعد یا معیار ناقص | R8: =IF(A8="","",IF(NOT(ISNUMBER(J8)),"موعد ثبت نشده",IF(L8="انجام شد","اجرا گزارش شده",IF(J8<'01-تنظیمات'!$B$6,"معوق","در مهلت")))) -> موعد ثبت نشده | S8: =IF(A8="","",COUNTIFS('10-ارزیابی اثربخشی'!$C$8:$C$1007,A8,'10-ارزیابی اثربخشی'!$Q$8:$Q$1007,"اثربخش معتبر")) -> 0 | T8: =IF(A8="","",IF(Q8<>"معتبر",Q8,IF(L8<>"انجام شد",R8,IF(S8>0,"بسته؛ اثربخش","اجراشده؛ اثربخشی تأیید نشده")))) -> مسئول، موعد یا معیار ناقص
A9: ACT-A02 | B9: DEC-A02 | C9: NIPCO | D9: P-BASE | E9: MR-NIPCO-BASE | F9: واقعی؛ نیازمند تأیید | G9: تطبیق تمام شاخص‌ها با فایل پایش و حل تعارض‌ها | H9: تضمین کیفیت و مالکان شاخص | I9: 10 | K9: فوری | L9: شروع نشده | M9: جدول تطبیق امضاشده؛ هر شاخص با منبع و دوره واحد | Q9: =IF(A9="","",IF(NOT(AND(COUNTIFS('08-برنامه اقدامات'!$A$8:$A$1007,A9)=1,AND(COUNTIFS('17-جلسات و دوره‌ها'!$A$8:$A$1007,E9)=1,IFERROR(INDEX('17-جلسات و دوره‌ها'!$B$8:$B$1007,MATCH(E9,'17-جلسات و دوره‌ها'!$A$8:$A$1007,0)),"")=C9,IFERROR(INDEX('17-جلسات و دوره‌ها'!$C$8:$C$1007,MATCH(E9,'17-جلسات و دوره‌ها'!$A$8:$A$1007,0)),"")=D9),COUNTIFS('07-تصمیمات و مصوبات'!$A$8:$A$1007,B9)=1,IFERROR(INDEX('07-تصمیمات و مصوبات'!$B$8:$B$1007,MATCH(B9,'07-تصمیمات و مصوبات'!$A$8:$A$1007,0)),"")=E9)),"رابطه تصمیم نامعتبر",IF(OR(G9="",H9="",NOT(ISNUMBER(J9)),M9=""),"مسئول، موعد یا معیار ناقص",IF(OR(IFERROR(INDEX('07-تصمیمات و مصوبات'!$L$8:$L$1007,MATCH(B9,'07-تصمیمات و مصوبات'!$A$8:$A$1007,0)),"")<>"تصویب",IFERROR(INDEX('07-تصمیمات و مصوبات'!$V$8:$V$1007,MATCH(B9,'07-تصمیمات و مصوبات'!$A$8:$A$1007,0)),"")="",IFERROR(INDEX('07-تصمیمات و مصوبات'!$Z$8:$Z$1007,MATCH(B9,'07-تصمیمات و مصوبات'!$A$8:$A$1007,0)),"")<>"معتبر"),"مصوبه مادر تأیید نشده",IF(AND(L9="انجام شد",OR(NOT(AND(COUNTIFS('14-مستندات و پیوست‌ها'!$A$8:$A$1007,N9)=1,IFERROR(INDEX('14-مستندات و پیوست‌ها'!$B$8:$B$1007,MATCH(N9,'14-مستندات و پیوست‌ها'!$A$8:$A$1007,0)),"")=C9,OR(IFERROR(INDEX('14-مستندات و پیوست‌ها'!$H$8:$H$1007,MATCH(N9,'14-مستندات و پیوست‌ها'!$A$8:$A$1007,0)),"")="دریافت شده",IFERROR(INDEX('14-مستندات و پیوست‌ها'!$H$8:$H$1007,MATCH(N9,'14-مستندات و پیوست‌ها'!$A$8:$A$1007,0)),"")="فرضی"))),NOT(ISNUMBER(O9)),P9="")),"شاهد تکمیل ناقص","معتبر"))))) -> مسئول، موعد یا معیار ناقص | R9: =IF(A9="","",IF(NOT(ISNUMBER(J9)),"موعد ثبت نشده",IF(L9="انجام شد","اجرا گزارش شده",IF(J9<'01-تنظیمات'!$B$6,"معوق","در مهلت")))) -> موعد ثبت نشده | S9: =IF(A9="","",COUNTIFS('10-ارزیابی اثربخشی'!$C$8:$C$1007,A9,'10-ارزیابی اثربخشی'!$Q$8:$Q$1007,"اثربخش معتبر")) -> 0 | T9: =IF(A9="","",IF(Q9<>"معتبر",Q9,IF(L9<>"انجام شد",R9,IF(S9>0,"بسته؛ اثربخش","اجراشده؛ اثربخشی تأیید نشده")))) -> مسئول، موعد یا معیار ناقص
A10: ACT-A03 | B10: DEC-A03 | C10: NIPCO | D10: P-BASE | E10: MR-NIPCO-BASE | F10: واقعی؛ نیازمند تأیید | G10: تأیید تاریخ و نتایج گزارش پایش HSE | H10: مسئول HSE | I10: 7 | K10: فوری | L10: شروع نشده | M10: اصل گزارش پایش و فهرست موارد خارج از حدود | Q10: =IF(A10="","",IF(NOT(AND(COUNTIFS('08-برنامه اقدامات'!$A$8:$A$1007,A10)=1,AND(COUNTIFS('17-جلسات و دوره‌ها'!$A$8:$A$1007,E10)=1,IFERROR(INDEX('17-جلسات و دوره‌ها'!$B$8:$B$1007,MATCH(E10,'17-جلسات و دوره‌ها'!$A$8:$A$1007,0)),"")=C10,IFERROR(INDEX('17-جلسات و دوره‌ها'!$C$8:$C$1007,MATCH(E10,'17-جلسات و دوره‌ها'!$A$8:$A$1007,0)),"")=D10),COUNTIFS('07-تصمیمات و مصوبات'!$A$8:$A$1007,B10)=1,IFERROR(INDEX('07-تصمیمات و مصوبات'!$B$8:$B$1007,MATCH(B10,'07-تصمیمات و مصوبات'!$A$8:$A$1007,0)),"")=E10)),"رابطه تصمیم نامعتبر",IF(OR(G10="",H10="",NOT(ISNUMBER(J10)),M10=""),"مسئول، موعد یا معیار ناقص",IF(OR(IFERROR(INDEX('07-تصمیمات و مصوبات'!$L$8:$L$1007,MATCH(B10,'07-تصمیمات و مصوبات'!$A$8:$A$1007,0)),"")<>"تصویب",IFERROR(INDEX('07-تصمیمات و مصوبات'!$V$8:$V$1007,MATCH(B10,'07-تصمیمات و مصوبات'!$A$8:$A$1007,0)),"")="",IFERROR(INDEX('07-تصمیمات و مصوبات'!$Z$8:$Z$1007,MATCH(B10,'07-تصمیمات و مصوبات'!$A$8:$A$1007,0)),"")<>"معتبر"),"مصوبه مادر تأیید نشده",IF(AND(L10="انجام شد",OR(NOT(AND(COUNTIFS('14-مستندات و پیوست‌ها'!$A$8:$A$1007,N10)=1,IFERROR(INDEX('14-مستندات و پیوست‌ها'!$B$8:$B$1007,MATCH(N10,'14-مستندات و پیوست‌ها'!$A$8:$A$1007,0)),"")=C10,OR(IFERROR(INDEX('14-مستندات و پیوست‌ها'!$H$8:$H$1007,MATCH(N10,'14-مستندات و پیوست‌ها'!$A$8:$A$1007,0)),"")="دریافت شده",IFERROR(INDEX('14-مستندات و پیوست‌ها'!$H$8:$H$1007,MATCH(N10,'14-مستندات و پیوست‌ها'!$A$8:$A$1007,0)),"")="فرضی"))),NOT(ISNUMBER(O10)),P10="")),"شاهد تکمیل ناقص","معتبر"))))) -> مسئول، موعد یا معیار ناقص | R10: =IF(A10="","",IF(NOT(ISNUMBER(J10)),"موعد ثبت نشده",IF(L10="انجام شد","اجرا گزارش شده",IF(J10<'01-تنظیمات'!$B$6,"معوق","در مهلت")))) -> موعد ثبت نشده | S10: =IF(A10="","",COUNTIFS('10-ارزیابی اثربخشی'!$C$8:$C$1007,A10,'10-ارزیابی اثربخشی'!$Q$8:$Q$1007,"اثربخش معتبر")) -> 0 | T10: =IF(A10="","",IF(Q10<>"معتبر",Q10,IF(L10<>"انجام شد",R10,IF(S10>0,"بسته؛ اثربخش","اجراشده؛ اثربخشی تأیید نشده")))) -> مسئول، موعد یا معیار ناقص
A11: ACT-A04 | B11: DEC-A04 | C11: NIPCO | D11: P-BASE | E11: MR-NIPCO-BASE | F11: واقعی؛ نیازمند تأیید | G11: تکمیل فهرست پیوست‌ها در سیستم تضمین | H11: کنترل مستندات | I11: 7 | K11: فوری | L11: شروع نشده | M11: شناسه، نسخه، تاریخ و مسیر قابل بازیابی برای هر شاهد | Q11: =IF(A11="","",IF(NOT(AND(COUNTIFS('08-برنامه اقدامات'!$A$8:$A$1007,A11)=1,AND(COUNTIFS('17-جلسات و دوره‌ها'!$A$8:$A$1007,E11)=1,IFERROR(INDEX('17-جلسات و دوره‌ها'!$B$8:$B$1007,MATCH(E11,'17-جلسات و دوره‌ها'!$A$8:$A$1007,0)),"")=C11,IFERROR(INDEX('17-جلسات و دوره‌ها'!$C$8:$C$1007,MATCH(E11,'17-جلسات و دوره‌ها'!$A$8:$A$1007,0)),"")=D11),COUNTIFS('07-تصمیمات و مصوبات'!$A$8:$A$1007,B11)=1,IFERROR(INDEX('07-تصمیمات و مصوبات'!$B$8:$B$1007,MATCH(B11,'07-تصمیمات و مصوبات'!$A$8:$A$1007,0)),"")=E11)),"رابطه تصمیم نامعتبر",IF(OR(G11="",H11="",NOT(ISNUMBER(J11)),M11=""),"مسئول، موعد یا معیار ناقص",IF(OR(IFERROR(INDEX('07-تصمیمات و مصوبات'!$L$8:$L$1007,MATCH(B11,'07-تصمیمات و مصوبات'!$A$8:$A$1007,0)),"")<>"تصویب",IFERROR(INDEX('07-تصمیمات و مصوبات'!$V$8:$V$1007,MATCH(B11,'07-تصمیمات و مصوبات'!$A$8:$A$1007,0)),"")="",IFERROR(INDEX('07-تصمیمات و مصوبات'!$Z$8:$Z$1007,MATCH(B11,'07-تصمیمات و مصوبات'!$A$8:$A$1007,0)),"")<>"معتبر"),"مصوبه مادر تأیید نشده",IF(AND(L11="انجام شد",OR(NOT(AND(COUNTIFS('14-مستندات و پیوست‌ها'!$A$8:$A$1007,N11)=1,IFERROR(INDEX('14-مستندات و پیوست‌ها'!$B$8:$B$1007,MATCH(N11,'14-مستندات و پیوست‌ها'!$A$8:$A$1007,0)),"")=C11,OR(IFERROR(INDEX('14-مستندات و پیوست‌ها'!$H$8:$H$1007,MATCH(N11,'14-مستندات و پیوست‌ها'!$A$8:$A$1007,0)),"")="دریافت شده",IFERROR(INDEX('14-مستندات و پیوست‌ها'!$H$8:$H$1007,MATCH(N11,'14-مستندات و پیوست‌ها'!$A$8:$A$1007,0)),"")="فرضی"))),NOT(ISNUMBER(O11)),P11="")),"شاهد تکمیل ناقص","معتبر"))))) -> مسئول، موعد یا معیار ناقص | R11: =IF(A11="","",IF(NOT(ISNUMBER(J11)),"موعد ثبت نشده",IF(L11="انجام شد","اجرا گزارش شده",IF(J11<'01-تنظیمات'!$B$6,"معوق","در مهلت")))) -> موعد ثبت نشده | S11: =IF(A11="","",COUNTIFS('10-ارزیابی اثربخشی'!$C$8:$C$1007,A11,'10-ارزیابی اثربخشی'!$Q$8:$Q$1007,"اثربخش معتبر")) -> 0 | T11: =IF(A11="","",IF(Q11<>"معتبر",Q11,IF(L11<>"انجام شد",R11,IF(S11>0,"بسته؛ اثربخش","اجراشده؛ اثربخشی تأیید نشده")))) -> مسئول، موعد یا معیار ناقص
A12: ACT-A05 | B12: DEC-A05 | C12: NIPCO | D12: P-BASE | E12: MR-NIPCO-BASE | F12: واقعی؛ نیازمند تأیید | G12: بازطراحی گردش اقدام اصلاحی و ارزیابی اثربخشی | H12: تضمین کیفیت / فناوری اطلاعات | I12: 30 | K12: فوری | L12: شروع نشده | M12: تفکیک اجرا و اثربخشی؛ آزمون گردش کار و نمونه اقدام معتبر | Q12: =IF(A12="","",IF(NOT(AND(COUNTIFS('08-برنامه اقدامات'!$A$8:$A$1007,A12)=1,AND(COUNTIFS('17-جلسات و دوره‌ها'!$A$8:$A$1007,E12)=1,IFERROR(INDEX('17-جلسات و دوره‌ها'!$B$8:$B$1007,MATCH(E12,'17-جلسات و دوره‌ها'!$A$8:$A$1007,0)),"")=C12,IFERROR(INDEX('17-جلسات و دوره‌ها'!$C$8:$C$1007,MATCH(E12,'17-جلسات و دوره‌ها'!$A$8:$A$1007,0)),"")=D12),COUNTIFS('07-تصمیمات و مصوبات'!$A$8:$A$1007,B12)=1,IFERROR(INDEX('07-تصمیمات و مصوبات'!$B$8:$B$1007,MATCH(B12,'07-تصمیمات و مصوبات'!$A$8:$A$1007,0)),"")=E12)),"رابطه تصمیم نامعتبر",IF(OR(G12="",H12="",NOT(ISNUMBER(J12)),M12=""),"مسئول، موعد یا معیار ناقص",IF(OR(IFERROR(INDEX('07-تصمیمات و مصوبات'!$L$8:$L$1007,MATCH(B12,'07-تصمیمات و مصوبات'!$A$8:$A$1007,0)),"")<>"تصویب",IFERROR(INDEX('07-تصمیمات و مصوبات'!$V$8:$V$1007,MATCH(B12,'07-تصمیمات و مصوبات'!$A$8:$A$1007,0)),"")="",IFERROR(INDEX('07-تصمیمات و مصوبات'!$Z$8:$Z$1007,MATCH(B12,'07-تصمیمات و مصوبات'!$A$8:$A$1007,0)),"")<>"معتبر"),"مصوبه مادر تأیید نشده",IF(AND(L12="انجام شد",OR(NOT(AND(COUNTIFS('14-مستندات و پیوست‌ها'!$A$8:$A$1007,N12)=1,IFERROR(INDEX('14-مستندات و پیوست‌ها'!$B$8:$B$1007,MATCH(N12,'14-مستندات و پیوست‌ها'!$A$8:$A$1007,0)),"")=C12,OR(IFERROR(INDEX('14-مستندات و پیوست‌ها'!$H$8:$H$1007,MATCH(N12,'14-مستندات و پیوست‌ها'!$A$8:$A$1007,0)),"")="دریافت شده",IFERROR(INDEX('14-مستندات و پیوست‌ها'!$H$8:$H$1007,MATCH(N12,'14-مستندات و پیوست‌ها'!$A$8:$A$1007,0)),"")="فرضی"))),NOT(ISNUMBER(O12)),P12="")),"شاهد تکمیل ناقص","معتبر"))))) -> مسئول، موعد یا معیار ناقص | R12: =IF(A12="","",IF(NOT(ISNUMBER(J12)),"موعد ثبت نشده",IF(L12="انجام شد","اجرا گزارش شده",IF(J12<'01-تنظیمات'!$B$6,"معوق","در مهلت")))) -> موعد ثبت نشده | S12: =IF(A12="","",COUNTIFS('10-ارزیابی اثربخشی'!$C$8:$C$1007,A12,'10-ارزیابی اثربخشی'!$Q$8:$Q$1007,"اثربخش معتبر")) -> 0 | T12: =IF(A12="","",IF(Q12<>"معتبر",Q12,IF(L12<>"انجام شد",R12,IF(S12>0,"بسته؛ اثربخش","اجراشده؛ اثربخشی تأیید نشده")))) -> مسئول، موعد یا معیار ناقص
A13: ACT-A06 | B13: DEC-A06 | C13: NIPCO | D13: P-BASE | E13: MR-NIPCO-BASE | F13: واقعی؛ نیازمند تأیید | G13: آزمون ردیابی و تعیین دامنه نقص پس از پرس | H13: تولید / کیفیت / مهندسی | I13: 14 | K13: فوری | L13: شروع نشده | M13: ردیابی رفت و برگشت نمونه‌های مصوب و بستن شکاف‌ها | Q13: =IF(A13="","",IF(NOT(AND(COUNTIFS('08-برنامه اقدامات'!$A$8:$A$1007,A13)=1,AND(COUNTIFS('17-جلسات و دوره‌ها'!$A$8:$A$1007,E13)=1,IFERROR(INDEX('17-جلسات و دوره‌ها'!$B$8:$B$1007,MATCH(E13,'17-جلسات و دوره‌ها'!$A$8:$A$1007,0)),"")=C13,IFERROR(INDEX('17-جلسات و دوره‌ها'!$C$8:$C$1007,MATCH(E13,'17-جلسات و دوره‌ها'!$A$8:$A$1007,0)),"")=D13),COUNTIFS('07-تصمیمات و مصوبات'!$A$8:$A$1007,B13)=1,IFERROR(INDEX('07-تصمیمات و مصوبات'!$B$8:$B$1007,MATCH(B13,'07-تصمیمات و مصوبات'!$A$8:$A$1007,0)),"")=E13)),"رابطه تصمیم نامعتبر",IF(OR(G13="",H13="",NOT(ISNUMBER(J13)),M13=""),"مسئول، موعد یا معیار ناقص",IF(OR(IFERROR(INDEX('07-تصمیمات و مصوبات'!$L$8:$L$1007,MATCH(B13,'07-تصمیمات و مصوبات'!$A$8:$A$1007,0)),"")<>"تصویب",IFERROR(INDEX('07-تصمیمات و مصوبات'!$V$8:$V$1007,MATCH(B13,'07-تصمیمات و مصوبات'!$A$8:$A$1007,0)),"")="",IFERROR(INDEX('07-تصمیمات و مصوبات'!$Z$8:$Z$1007,MATCH(B13,'07-تصمیمات و مصوبات'!$A$8:$A$1007,0)),"")<>"معتبر"),"مصوبه مادر تأیید نشده",IF(AND(L13="انجام شد",OR(NOT(AND(COUNTIFS('14-مستندات و پیوست‌ها'!$A$8:$A$1007,N13)=1,IFERROR(INDEX('14-مستندات و پیوست‌ها'!$B$8:$B$1007,MATCH(N13,'14-مستندات و پیوست‌ها'!$A$8:$A$1007,0)),"")=C13,OR(IFERROR(INDEX('14-مستندات و پیوست‌ها'!$H$8:$H$1007,MATCH(N13,'14-مستندات و پیوست‌ها'!$A$8:$A$1007,0)),"")="دریافت شده",IFERROR(INDEX('14-مستندات و پیوست‌ها'!$H$8:$H$1007,MATCH(N13,'14-مستندات و پیوست‌ها'!$A$8:$A$1007,0)),"")="فرضی"))),NOT(ISNUMBER(O13)),P13="")),"شاهد تکمیل ناقص","معتبر"))))) -> مسئول، موعد یا معیار ناقص | R13: =IF(A13="","",IF(NOT(ISNUMBER(J13)),"موعد ثبت نشده",IF(L13="انجام شد","اجرا گزارش شده",IF(J13<'01-تنظیمات'!$B$6,"معوق","در مهلت")))) -> موعد ثبت نشده | S13: =IF(A13="","",COUNTIFS('10-ارزیابی اثربخشی'!$C$8:$C$1007,A13,'10-ارزیابی اثربخشی'!$Q$8:$Q$1007,"اثربخش معتبر")) -> 0 | T13: =IF(A13="","",IF(Q13<>"معتبر",Q13,IF(L13<>"انجام شد",R13,IF(S13>0,"بسته؛ اثربخش","اجراشده؛ اثربخشی تأیید نشده")))) -> مسئول، موعد یا معیار ناقص
A14: ACT-A07 | B14: DEC-A07 | C14: NIPCO | D14: P-BASE | E14: MR-NIPCO-BASE | F14: واقعی؛ نیازمند تأیید | G14: تصویب برنامه توسعه فضا و کنترل‌های موقت | H14: مدیریت عامل / سایت‌ها / HSE | I14: 14 | K14: فوری | L14: شروع نشده | M14: برنامه واحد؛ جانمایی، مسیر ایمن و کنترل انبارش تا اجرای طرح | Q14: =IF(A14="","",IF(NOT(AND(COUNTIFS('08-برنامه اقدامات'!$A$8:$A$1007,A14)=1,AND(COUNTIFS('17-جلسات و دوره‌ها'!$A$8:$A$1007,E14)=1,IFERROR(INDEX('17-جلسات و دوره‌ها'!$B$8:$B$1007,MATCH(E14,'17-جلسات و دوره‌ها'!$A$8:$A$1007,0)),"")=C14,IFERROR(INDEX('17-جلسات و دوره‌ها'!$C$8:$C$1007,MATCH(E14,'17-جلسات و دوره‌ها'!$A$8:$A$1007,0)),"")=D14),COUNTIFS('07-تصمیمات و مصوبات'!$A$8:$A$1007,B14)=1,IFERROR(INDEX('07-تصمیمات و مصوبات'!$B$8:$B$1007,MATCH(B14,'07-تصمیمات و مصوبات'!$A$8:$A$1007,0)),"")=E14)),"رابطه تصمیم نامعتبر",IF(OR(G14="",H14="",NOT(ISNUMBER(J14)),M14=""),"مسئول، موعد یا معیار ناقص",IF(OR(IFERROR(INDEX('07-تصمیمات و مصوبات'!$L$8:$L$1007,MATCH(B14,'07-تصمیمات و مصوبات'!$A$8:$A$1007,0)),"")<>"تصویب",IFERROR(INDEX('07-تصمیمات و مصوبات'!$V$8:$V$1007,MATCH(B14,'07-تصمیمات و مصوبات'!$A$8:$A$1007,0)),"")="",IFERROR(INDEX('07-تصمیمات و مصوبات'!$Z$8:$Z$1007,MATCH(B14,'07-تصمیمات و مصوبات'!$A$8:$A$1007,0)),"")<>"معتبر"),"مصوبه مادر تأیید نشده",IF(AND(L14="انجام شد",OR(NOT(AND(COUNTIFS('14-مستندات و پیوست‌ها'!$A$8:$A$1007,N14)=1,IFERROR(INDEX('14-مستندات و پیوست‌ها'!$B$8:$B$1007,MATCH(N14,'14-مستندات و پیوست‌ها'!$A$8:$A$1007,0)),"")=C14,OR(IFERROR(INDEX('14-مستندات و پیوست‌ها'!$H$8:$H$1007,MATCH(N14,'14-مستندات و پیوست‌ها'!$A$8:$A$1007,0)),"")="دریافت شده",IFERROR(INDEX('14-مستندات و پیوست‌ها'!$H$8:$H$1007,MATCH(N14,'14-مستندات و پیوست‌ها'!$A$8:$A$1007,0)),"")="فرضی"))),NOT(ISNUMBER(O14)),P14="")),"شاهد تکمیل ناقص","معتبر"))))) -> مسئول، موعد یا معیار ناقص | R14: =IF(A14="","",IF(NOT(ISNUMBER(J14)),"موعد ثبت نشده",IF(L14="انجام شد","اجرا گزارش شده",IF(J14<'01-تنظیمات'!$B$6,"معوق","در مهلت")))) -> موعد ثبت نشده | S14: =IF(A14="","",COUNTIFS('10-ارزیابی اثربخشی'!$C$8:$C$1007,A14,'10-ارزیابی اثربخشی'!$Q$8:$Q$1007,"اثربخش معتبر")) -> 0 | T14: =IF(A14="","",IF(Q14<>"معتبر",Q14,IF(L14<>"انجام شد",R14,IF(S14>0,"بسته؛ اثربخش","اجراشده؛ اثربخشی تأیید نشده")))) -> مسئول، موعد یا معیار ناقص
A15: ACT-A08 | B15: DEC-A08 | C15: NIPCO | D15: P-BASE | E15: MR-NIPCO-BASE | F15: واقعی؛ نیازمند تأیید | G15: تطبیق نسبت‌ها و اجزای هزینه کیفیت | H15: مالی / تضمین کیفیت | I15: 14 | K15: مهم | L15: شروع نشده | M15: تعریف مخرج و واحد؛ تطبیق اجزا با کل و گزارش مالی | Q15: =IF(A15="","",IF(NOT(AND(COUNTIFS('08-برنامه اقدامات'!$A$8:$A$1007,A15)=1,AND(COUNTIFS('17-جلسات و دوره‌ها'!$A$8:$A$1007,E15)=1,IFERROR(INDEX('17-جلسات و دوره‌ها'!$B$8:$B$1007,MATCH(E15,'17-جلسات و دوره‌ها'!$A$8:$A$1007,0)),"")=C15,IFERROR(INDEX('17-جلسات و دوره‌ها'!$C$8:$C$1007,MATCH(E15,'17-جلسات و دوره‌ها'!$A$8:$A$1007,0)),"")=D15),COUNTIFS('07-تصمیمات و مصوبات'!$A$8:$A$1007,B15)=1,IFERROR(INDEX('07-تصمیمات و مصوبات'!$B$8:$B$1007,MATCH(B15,'07-تصمیمات و مصوبات'!$A$8:$A$1007,0)),"")=E15)),"رابطه تصمیم نامعتبر",IF(OR(G15="",H15="",NOT(ISNUMBER(J15)),M15=""),"مسئول، موعد یا معیار ناقص",IF(OR(IFERROR(INDEX('07-تصمیمات و مصوبات'!$L$8:$L$1007,MATCH(B15,'07-تصمیمات و مصوبات'!$A$8:$A$1007,0)),"")<>"تصویب",IFERROR(INDEX('07-تصمیمات و مصوبات'!$V$8:$V$1007,MATCH(B15,'07-تصمیمات و مصوبات'!$A$8:$A$1007,0)),"")="",IFERROR(INDEX('07-تصمیمات و مصوبات'!$Z$8:$Z$1007,MATCH(B15,'07-تصمیمات و مصوبات'!$A$8:$A$1007,0)),"")<>"معتبر"),"مصوبه مادر تأیید نشده",IF(AND(L15="انجام شد",OR(NOT(AND(COUNTIFS('14-مستندات و پیوست‌ها'!$A$8:$A$1007,N15)=1,IFERROR(INDEX('14-مستندات و پیوست‌ها'!$B$8:$B$1007,MATCH(N15,'14-مستندات و پیوست‌ها'!$A$8:$A$1007,0)),"")=C15,OR(IFERROR(INDEX('14-مستندات و پیوست‌ها'!$H$8:$H$1007,MATCH(N15,'14-مستندات و پیوست‌ها'!$A$8:$A$1007,0)),"")="دریافت شده",IFERROR(INDEX('14-مستندات و پیوست‌ها'!$H$8:$H$1007,MATCH(N15,'14-مستندات و پیوست‌ها'!$A$8:$A$1007,0)),"")="فرضی"))),NOT(ISNUMBER(O15)),P15="")),"شاهد تکمیل ناقص","معتبر"))))) -> مسئول، موعد یا معیار ناقص | R15: =IF(A15="","",IF(NOT(ISNUMBER(J15)),"موعد ثبت نشده",IF(L15="انجام شد","اجرا گزارش شده",IF(J15<'01-تنظیمات'!$B$6,"معوق","در مهلت")))) -> موعد ثبت نشده | S15: =IF(A15="","",COUNTIFS('10-ارزیابی اثربخشی'!$C$8:$C$1007,A15,'10-ارزیابی اثربخشی'!$Q$8:$Q$1007,"اثربخش معتبر")) -> 0 | T15: =IF(A15="","",IF(Q15<>"معتبر",Q15,IF(L15<>"انجام شد",R15,IF(S15>0,"بسته؛ اثربخش","اجراشده؛ اثربخشی تأیید نشده")))) -> مسئول، موعد یا معیار ناقص
A16: ACT-A09 | B16: DEC-A09 | C16: NIPCO | D16: P-BASE | E16: MR-NIPCO-BASE | F16: واقعی؛ نیازمند تأیید | G16: تعریف اقدام اختصاصی برای یافته‌های ممیزی | H16: مالکان فرآیند / تضمین کیفیت | I16: 21 | K16: فوری | L16: شروع نشده | M16: علت ریشه‌ای، اقدام، مسئول و معیار اثربخشی هر یافته | Q16: =IF(A16="","",IF(NOT(AND(COUNTIFS('08-برنامه اقدامات'!$A$8:$A$1007,A16)=1,AND(COUNTIFS('17-جلسات و دوره‌ها'!$A$8:$A$1007,E16)=1,IFERROR(INDEX('17-جلسات و دوره‌ها'!$B$8:$B$1007,MATCH(E16,'17-جلسات و دوره‌ها'!$A$8:$A$1007,0)),"")=C16,IFERROR(INDEX('17-جلسات و دوره‌ها'!$C$8:$C$1007,MATCH(E16,'17-جلسات و دوره‌ها'!$A$8:$A$1007,0)),"")=D16),COUNTIFS('07-تصمیمات و مصوبات'!$A$8:$A$1007,B16)=1,IFERROR(INDEX('07-تصمیمات و مصوبات'!$B$8:$B$1007,MATCH(B16,'07-تصمیمات و مصوبات'!$A$8:$A$1007,0)),"")=E16)),"رابطه تصمیم نامعتبر",IF(OR(G16="",H16="",NOT(ISNUMBER(J16)),M16=""),"مسئول، موعد یا معیار ناقص",IF(OR(IFERROR(INDEX('07-تصمیمات و مصوبات'!$L$8:$L$1007,MATCH(B16,'07-تصمیمات و مصوبات'!$A$8:$A$1007,0)),"")<>"تصویب",IFERROR(INDEX('07-تصمیمات و مصوبات'!$V$8:$V$1007,MATCH(B16,'07-تصمیمات و مصوبات'!$A$8:$A$1007,0)),"")="",IFERROR(INDEX('07-تصمیمات و مصوبات'!$Z$8:$Z$1007,MATCH(B16,'07-تصمیمات و مصوبات'!$A$8:$A$1007,0)),"")<>"معتبر"),"مصوبه مادر تأیید نشده",IF(AND(L16="انجام شد",OR(NOT(AND(COUNTIFS('14-مستندات و پیوست‌ها'!$A$8:$A$1007,N16)=1,IFERROR(INDEX('14-مستندات و پیوست‌ها'!$B$8:$B$1007,MATCH(N16,'14-مستندات و پیوست‌ها'!$A$8:$A$1007,0)),"")=C16,OR(IFERROR(INDEX('14-مستندات و پیوست‌ها'!$H$8:$H$1007,MATCH(N16,'14-مستندات و پیوست‌ها'!$A$8:$A$1007,0)),"")="دریافت شده",IFERROR(INDEX('14-مستندات و پیوست‌ها'!$H$8:$H$1007,MATCH(N16,'14-مستندات و پیوست‌ها'!$A$8:$A$1007,0)),"")="فرضی"))),NOT(ISNUMBER(O16)),P16="")),"شاهد تکمیل ناقص","معتبر"))))) -> مسئول، موعد یا معیار ناقص | R16: =IF(A16="","",IF(NOT(ISNUMBER(J16)),"موعد ثبت نشده",IF(L16="انجام شد","اجرا گزارش شده",IF(J16<'01-تنظیمات'!$B$6,"معوق","در مهلت")))) -> موعد ثبت نشده | S16: =IF(A16="","",COUNTIFS('10-ارزیابی اثربخشی'!$C$8:$C$1007,A16,'10-ارزیابی اثربخشی'!$Q$8:$Q$1007,"اثربخش معتبر")) -> 0 | T16: =IF(A16="","",IF(Q16<>"معتبر",Q16,IF(L16<>"انجام شد",R16,IF(S16>0,"بسته؛ اثربخش","اجراشده؛ اثربخشی تأیید نشده")))) -> مسئول، موعد یا معیار ناقص
A17: ACT-A10 | B17: DEC-A10 | C17: NIPCO | D17: P-BASE | E17: MR-NIPCO-BASE | F17: واقعی؛ نیازمند تأیید | G17: تثبیت برنامه ممیزی IMS و وضعیت یافته‌ها | H17: تضمین کیفیت / HSE | I17: 14 | K17: فوری | L17: شروع نشده | M17: برنامه مصوب و پوشش فرآیندها؛ رفع تعارض گزارش‌ها | Q17: =IF(A17="","",IF(NOT(AND(COUNTIFS('08-برنامه اقدامات'!$A$8:$A$1007,A17)=1,AND(COUNTIFS('17-جلسات و دوره‌ها'!$A$8:$A$1007,E17)=1,IFERROR(INDEX('17-جلسات و دوره‌ها'!$B$8:$B$1007,MATCH(E17,'17-جلسات و دوره‌ها'!$A$8:$A$1007,0)),"")=C17,IFERROR(INDEX('17-جلسات و دوره‌ها'!$C$8:$C$1007,MATCH(E17,'17-جلسات و دوره‌ها'!$A$8:$A$1007,0)),"")=D17),COUNTIFS('07-تصمیمات و مصوبات'!$A$8:$A$1007,B17)=1,IFERROR(INDEX('07-تصمیمات و مصوبات'!$B$8:$B$1007,MATCH(B17,'07-تصمیمات و مصوبات'!$A$8:$A$1007,0)),"")=E17)),"رابطه تصمیم نامعتبر",IF(OR(G17="",H17="",NOT(ISNUMBER(J17)),M17=""),"مسئول، موعد یا معیار ناقص",IF(OR(IFERROR(INDEX('07-تصمیمات و مصوبات'!$L$8:$L$1007,MATCH(B17,'07-تصمیمات و مصوبات'!$A$8:$A$1007,0)),"")<>"تصویب",IFERROR(INDEX('07-تصمیمات و مصوبات'!$V$8:$V$1007,MATCH(B17,'07-تصمیمات و مصوبات'!$A$8:$A$1007,0)),"")="",IFERROR(INDEX('07-تصمیمات و مصوبات'!$Z$8:$Z$1007,MATCH(B17,'07-تصمیمات و مصوبات'!$A$8:$A$1007,0)),"")<>"معتبر"),"مصوبه مادر تأیید نشده",IF(AND(L17="انجام شد",OR(NOT(AND(COUNTIFS('14-مستندات و پیوست‌ها'!$A$8:$A$1007,N17)=1,IFERROR(INDEX('14-مستندات و پیوست‌ها'!$B$8:$B$1007,MATCH(N17,'14-مستندات و پیوست‌ها'!$A$8:$A$1007,0)),"")=C17,OR(IFERROR(INDEX('14-مستندات و پیوست‌ها'!$H$8:$H$1007,MATCH(N17,'14-مستندات و پیوست‌ها'!$A$8:$A$1007,0)),"")="دریافت شده",IFERROR(INDEX('14-مستندات و پیوست‌ها'!$H$8:$H$1007,MATCH(N17,'14-مستندات و پیوست‌ها'!$A$8:$A$1007,0)),"")="فرضی"))),NOT(ISNUMBER(O17)),P17="")),"شاهد تکمیل ناقص","معتبر"))))) -> مسئول، موعد یا معیار ناقص | R17: =IF(A17="","",IF(NOT(ISNUMBER(J17)),"موعد ثبت نشده",IF(L17="انجام شد","اجرا گزارش شده",IF(J17<'01-تنظیمات'!$B$6,"معوق","در مهلت")))) -> موعد ثبت نشده | S17: =IF(A17="","",COUNTIFS('10-ارزیابی اثربخشی'!$C$8:$C$1007,A17,'10-ارزیابی اثربخشی'!$Q$8:$Q$1007,"اثربخش معتبر")) -> 0 | T17: =IF(A17="","",IF(Q17<>"معتبر",Q17,IF(L17<>"انجام شد",R17,IF(S17>0,"بسته؛ اثربخش","اجراشده؛ اثربخشی تأیید نشده")))) -> مسئول، موعد یا معیار ناقص
A18: ACT-A11 | B18: DEC-A11 | C18: NIPCO | D18: P-BASE | E18: MR-NIPCO-BASE | F18: واقعی؛ نیازمند تأیید | G18: ارزیابی تعهدات انطباق و موارد برآورده‌نشده | H18: HSE / مسئولان الزامات | I18: 21 | K18: فوری | L18: شروع نشده | M18: فهرست تعهدات، نتیجه ارزیابی و اقدام برای موارد باز | Q18: =IF(A18="","",IF(NOT(AND(COUNTIFS('08-برنامه اقدامات'!$A$8:$A$1007,A18)=1,AND(COUNTIFS('17-جلسات و دوره‌ها'!$A$8:$A$1007,E18)=1,IFERROR(INDEX('17-جلسات و دوره‌ها'!$B$8:$B$1007,MATCH(E18,'17-جلسات و دوره‌ها'!$A$8:$A$1007,0)),"")=C18,IFERROR(INDEX('17-جلسات و دوره‌ها'!$C$8:$C$1007,MATCH(E18,'17-جلسات و دوره‌ها'!$A$8:$A$1007,0)),"")=D18),COUNTIFS('07-تصمیمات و مصوبات'!$A$8:$A$1007,B18)=1,IFERROR(INDEX('07-تصمیمات و مصوبات'!$B$8:$B$1007,MATCH(B18,'07-تصمیمات و مصوبات'!$A$8:$A$1007,0)),"")=E18)),"رابطه تصمیم نامعتبر",IF(OR(G18="",H18="",NOT(ISNUMBER(J18)),M18=""),"مسئول، موعد یا معیار ناقص",IF(OR(IFERROR(INDEX('07-تصمیمات و مصوبات'!$L$8:$L$1007,MATCH(B18,'07-تصمیمات و مصوبات'!$A$8:$A$1007,0)),"")<>"تصویب",IFERROR(INDEX('07-تصمیمات و مصوبات'!$V$8:$V$1007,MATCH(B18,'07-تصمیمات و مصوبات'!$A$8:$A$1007,0)),"")="",IFERROR(INDEX('07-تصمیمات و مصوبات'!$Z$8:$Z$1007,MATCH(B18,'07-تصمیمات و مصوبات'!$A$8:$A$1007,0)),"")<>"معتبر"),"مصوبه مادر تأیید نشده",IF(AND(L18="انجام شد",OR(NOT(AND(COUNTIFS('14-مستندات و پیوست‌ها'!$A$8:$A$1007,N18)=1,IFERROR(INDEX('14-مستندات و پیوست‌ها'!$B$8:$B$1007,MATCH(N18,'14-مستندات و پیوست‌ها'!$A$8:$A$1007,0)),"")=C18,OR(IFERROR(INDEX('14-مستندات و پیوست‌ها'!$H$8:$H$1007,MATCH(N18,'14-مستندات و پیوست‌ها'!$A$8:$A$1007,0)),"")="دریافت شده",IFERROR(INDEX('14-مستندات و پیوست‌ها'!$H$8:$H$1007,MATCH(N18,'14-مستندات و پیوست‌ها'!$A$8:$A$1007,0)),"")="فرضی"))),NOT(ISNUMBER(O18)),P18="")),"شاهد تکمیل ناقص","معتبر"))))) -> مسئول، موعد یا معیار ناقص | R18: =IF(A18="","",IF(NOT(ISNUMBER(J18)),"موعد ثبت نشده",IF(L18="انجام شد","اجرا گزارش شده",IF(J18<'01-تنظیمات'!$B$6,"معوق","در مهلت")))) -> موعد ثبت نشده | S18: =IF(A18="","",COUNTIFS('10-ارزیابی اثربخشی'!$C$8:$C$1007,A18,'10-ارزیابی اثربخشی'!$Q$8:$Q$1007,"اثربخش معتبر")) -> 0 | T18: =IF(A18="","",IF(Q18<>"معتبر",Q18,IF(L18<>"انجام شد",R18,IF(S18>0,"بسته؛ اثربخش","اجراشده؛ اثربخشی تأیید نشده")))) -> مسئول، موعد یا معیار ناقص
