Workbook

Sheet راهنما و تصویب
A1: بازنگری مدیریت یکپارچه
A2: کیفیت و لجستیک | محیط‌زیست | ایمنی و بهداشت شغلی — نسخه پیشنهادی برای تصویب
A5: موضوع | B5: اطلاعات | C5: توضیح کنترل
A6: سازمان | B6: شرکت نورایستا پلاستیک | C6: طبق متن دو سند
A7: عنوان | B7: بازنگری مدیریت یکپارچه کیفیت، لجستیک، محیط‌زیست و ایمنی و بهداشت شغلی | C7: نسخه جدید تلفیقی
A8: وضعیت انتشار | B8: پیش‌نویس برای تکمیل داده و تصویب مدیریت | C8: ادعای تأیید نهایی یا انطباق کامل نیست
A9: نسخه پیشنهادی گزارش | B9: MR-IMS-D01 / 01 | C9: شناسه پیشنهادی؛ کد رسمی توسط کنترل مستندات تعیین شود
A10: دوره | B10: سالانه؛ مرداد تا مرداد، پس از مجمع | C10: سال ابتدا و انتها و مرز روزانه: نیازمند تأیید
A11: تاریخ درج‌شده در اسناد مبنا | B11: 1405/05/22 | C11: تاریخ جلسه نسخه جدید: تکمیل شود
A12: استانداردها | B12: ISO 9001، ISO 14001، ISO 45001، IATF 16949 | C12: ویرایش و دامنه گواهینامه‌ها: تکمیل شود
A13: مرجع داده | B13: فایل پایش شاخص‌ها | C13: به اعلام کاربر؛ هنوز برای تطبیق دریافت نشده
A14: محل شواهد | B14: سیستم تضمین کیفیت | C14: شناسه و مسیر بازیابی در فهرست پیوست‌ها تکمیل شود
A15: قاعده داده | B15: عدد متعارض حذف یا جایگزین نشده است؛ هیچ داده عملکردی تولید نشده است. | C15: اختلاف عددی در شاخص‌ها محاسبه مقادیر نقل‌شده است، نه تأیید عملکرد
A16: قاعده اقدام | B16: تمام مسئولان و مهلت‌های کاربرگ اقدامات پیشنهادی‌اند. | C16: مهلت نسبی از تاریخ تصویب؛ تا تصویب، تعهد سازمانی محسوب نمی‌شود
... A31: فهرست 11 | B31: داده‌های منبع | C31: متن و مقدار سلول‌های اصلی برای ردیابی

Sheet گزارش یکپارچه
A1: گزارش بازنگری مدیریت یکپارچه
A2: متن سازمانی بازنویسی‌شده از دو سند؛ موارد نیازمند تکمیل از واقعیت ثبت‌شده جدا شده‌اند.
A5: شناسه | B5: موضوع | C5: وضعیت و تحلیل مبتنی بر اسناد | D5: تصمیم یا تکمیل موردنیاز | E5: مرجع
A6: R01 | B6: دامنه و زمان‌بندی | C6: بازنگری مدیریت به‌صورت سالانه، از مرداد تا مرداد و پس از برگزاری مجمع عمومی انجام می‌شود. دامنه شامل کیفیت، الزامات صنعت خودرو، محیط‌زیست، ایمنی و بهداشت شغلی و فرآیندهای لجستیکی مرتبط است. | D6: مرز روزانه دوره، سال ابتدا و انتها و ویرایش استانداردها باید در مشخصات گزارش تکمیل شود. | E6: توضیح کاربر؛ هر دو فایل، 1!O1
A7: R02 | B7: مرجع داده و سوابق | C7: مرجع معتبر شاخص‌ها، فایل پایش شاخص‌هاست. سوابق ممیزی، پایش و پیوست‌ها در سیستم تضمین کیفیت نگهداری می‌شوند. اعداد این نسخه از گزارش‌های موجود نقل شده و هنوز با مرجع پایش تطبیق نشده‌اند. | D7: برای هر ادعا شناسه، تاریخ، نسخه و محل بازیابی شاهد درج شود. | E7: توضیح کاربر
A8: R03 | B8: پیگیری بازنگری قبلی | C8: موضوعات مشترک شامل استقرار IMS، توسعه فضای انبارش، ساخت پالت، آموزش و اصلاح مستندات است. در گزارش لجستیک راه‌اندازی جرثقیل سقفی و نصب پرس ۵۰۰ تن انجام‌شده اعلام شده است. وضعیت گواهینامه IMS در بخش‌های مختلف به‌صورت انعقاد قرارداد و اخذ گواهینامه آمده است. | D8: وضعیت جاری هر مصوبه، شاهد خاتمه و اثربخشی ثبت شود؛ ادعای اخذ گواهینامه با سابقه سیستم تضمین تطبیق یابد. | E8: HSE 1!C4:O6؛ LOG 1!C4:O12؛ 1 (2)!C4:O12
A9: R04 | B9: تغییرات داخلی و توسعه فضا | C9: الحاق فضای ایمن ایستاالکتریک، کمبود فضای انبار و نیروی انسانی و تغییر جانمایی، موضوعات مشترک کیفیت، لجستیک و HSE هستند. کمبود ۶۲۳ مترمربع در گزارش لجستیک و کمبود ۷۰۰ مترمربع انبار نیم‌ساخته سالن ۲ ذکر شده؛ دامنه این دو مقدار متفاوت یا نیازمند تفکیک است. | D9: یک برنامه مصوب توسعه فضا همراه با کنترل‌های موقت ایمنی، انبارش و جریان مواد تنظیم شود. مهلت‌های متعارض اصلاح شوند. | E9: LOG 1!C12؛ 8-9!C24؛ 17!C17؛ HSE 8-9!C15:C37
A10: R05 | B10: تغییرات بیرونی و بازار | C10: در اسناد، محدودیت تأمین و نقدینگی، تأخیر پرداخت مشتریان، حذف برخی خودروها، ناپایداری منطقه و محدودیت سوخت حمل‌ونقل مطرح شده است. توسعه فروش بازار آزاد از طریق نورایستا خراسان و جذب پروژه‌های جدید به‌عنوان پاسخ معرفی شده‌اند. | D10: اثر هر تغییر بر کیفیت، تحویل، محیط‌زیست و ایمنی به‌صورت مشخص ارزیابی و مالک اقدام تعیین شود. | E10: LOG 1!C16:O20؛ 8-9!C29:O32؛ 19!C8
A11: R06 | B11: مشتریان و ذی‌نفعان | C11: امتیازهای مشتریان، سهامداران، کارکنان و مراجع قانونی در دو گزارش درج شده‌اند. واگذاری ۳۰۰ سهم به هر یک از کارکنان و تحقق تعهدات به سهامداران در متن منبع گزارش شده است؛ این ادعاها مستقلاً تصدیق نشده‌اند. | D11: مراجع قانونی در گروه ذی‌نفعان/تعهدات انطباق طبقه‌بندی شوند. روش محاسبه رضایت و دوره امتیازها تکمیل شود. | E11: LOG 1!C21:F27؛ 1 (2)!C23:C27؛ HSE 1!B20:F30
A12: R07 | B12: اهداف و عملکرد فرآیندها | C12: جدول یکپارچه شاخص‌ها، هدف، معیار پذیرش و مقادیر دوره قبل و جاری را همراه با اختلاف عددی نشان می‌دهد. تفاوت میان دستیابی به هدف، رعایت معیار پذیرش و بهبود نسبت به دوره قبل باید در تصمیم‌گیری حفظ شود. | D12: برای شاخص‌های محقق‌نشده، علت، اقدام، مسئول و معیار اثربخشی تعیین شود؛ در موارد متعارض هیچ مقدار مرجع انتخاب نشده است. | E12: HSE 2!B5:F15؛ LOG 2-4!B5:F44؛ 10-!B8:F18
A13: R08 | B13: ممیزی‌های داخلی | C13: یافته‌ها شامل ضعف ردیابی، انبارش، صلاحیت، مستندات، کنترل محصول مشکوک، نگهداری، تکوین محصول و اجرای الزامات IMS است. ثبت تفصیلی یافته‌ها در کاربرگ «ممیزی و شواهد» آمده است. | D13: هر یافته به اقدام متناسب متصل شود. نیازسنجی آموزشی به‌تنهایی پاسخ کافی برای همه مسائل زیرساختی و سیستمی نیست. | E13: HSE 3؛ LOG 5-7 و 5-7 (2)
A14: R09 | B14: ممیزی‌های خارجی و گواهینامه | C14: گزارش‌ها به ممیزی مشتری، گرید B+، هدف گرید A و ممیزی مراقبتی IMS اشاره دارند. متن HSE هم‌زمان از نبود برنامه ممیزی و اجرای برنامه سه‌ساله سخن می‌گوید. | D14: شماره و تاریخ گزارش‌های خارجی، دامنه و وضعیت عدم‌انطباق‌ها و برنامه جاری ممیزی به سند متصل شود. | E14: HSE 3!C27 و 15!C11؛ LOG 1!G4:G5 و 15!C9
A15: R10 | B15: اقدامات اصلاحی و اثربخشی | C15: در هر دو گزارش تصریح شده که بستن اقدام در اتوماسیون با اثربخشی آن یکسان تلقی می‌شود. این ضعف اعتبار شاخص اثربخشی اقدامات اصلاحی را تحت تأثیر قرار می‌دهد. | D15: گردش کار به مراحل تحلیل علت، اجرای اقدام، تصدیق اجرا و ارزیابی اثربخشی تفکیک شود. نتیجه و شواهد هر مرحله ثبت گردد. | E15: HSE 14!C11؛ LOG 14!C11 و 2-4!F14
A16: R11 | B16: انطباق محصول، کلیم و ضمانت | C16: PPM مشتریان، شماره‌های فنی دارای کلیم و تعداد تکرار کلیم در گزارش درج شده است. نبود شکایت عرصه مصرف و برنامه بازدید از انبار داغی‌ها نیز گزارش شده است. | D16: شکایت تولیدی مشتری، برگشتی ضمانت و خرابی عرصه مصرف تفکیک شوند. پارتو و بازرسی ابعادی با شناسه شاهد پیوند یابند. | E16: LOG 14!C5:O17؛ 13!C5؛ 2-4!B28:F33
... A34: R29 | B34: نتیجه‌گیری بازنگری | C34: دو سند، ورودی‌های گسترده و نیازهای واقعی بهبود را پوشش می‌دهند؛ اما ناسازگاری داده‌ها و نبود شواهد قابل بازیابی در بسته فعلی، نتیجه‌گیری قطعی درباره کفایت و اثربخشی کل سیستم را محدود می‌کند. این جمله ارزیابی مستندات است، نه مصوبه مدیریت. | D34: مدیریت پس از تطبیق شاخص‌ها و بررسی شواهد، نتیجه مستقل درباره تناسب، کفایت، اثربخشی و هم‌راستایی راهبردی هر حوزه را ثبت و تصویب کند. | E34: جمع‌بندی بررسی اسناد

Sheet شاخص‌ها
A1: شاخص‌های عملکرد؛ مقادیر نقل‌شده
A2: این مقادیر مرجع نهایی نیستند. تغییر = دوره جاری منهای قبل؛ برای درصدها واحد تغییر «واحد درصد» است. جهت مطلوب و دوره از فایل پایش تأیید شود.
A5: شناسه | B5: حوزه | C5: شاخص | D5: هدف منبع | E5: حد پذیرش منبع | F5: دوره قبل | G5: دوره جاری | H5: تغییر عددی | I5: وضعیت تطبیق / تعارض | J5: مرجع
A6: K01 | B6: HSE | C6: ضریب تکرار حادثه | D6: 30 | E6: 45 | F6: 43 | G6: 35 | H6: =G6-F6 -> -8 | I6: تطبیق با فایل پایش لازم است | J6: HSE 2!B5:F5
A7: K02 | B7: HSE | C7: ضریب شدت حادثه | D7: 0.04 | E7: 0.08 | F7: 0.07 | G7: 0.07 | H7: =G7-F7 -> 0 | I7: تطبیق با فایل پایش لازم است | J7: HSE 2!B6:F6
A8: K03 | B8: HSE | C8: درصد انطباق کل ایمنی و بهداشت با الزامات | D8: 95 | E8: 80 | F8: 83 | G8: 83 | H8: =G8-F8 -> 0 | I8: با حدود ۵۰٪ گزارش 5S؛ دامنه‌ها روشن شود | J8: HSE 2!B7:F7
A9: K04 | B9: HSE | C9: درصد انطباق کل زیست محیطی با الزامات | D9: 90 | E9: 70 | F9: 83 | G9: 86 | H9: =G9-F9 -> 3 | I9: با حدود ۵۰٪ گزارش 5S؛ دامنه‌ها روشن شود | J9: HSE 2!B8:F8
A10: K05 | B10: HSE | C10: میانگین درصد مشارکت و مشاوره کارکنان (واحدها) | D10: 80 | E10: 70 | F10: 71 | G10: 83 | H10: =G10-F10 -> 12 | I10: تطبیق با فایل پایش لازم است | J10: HSE 2!B9:F9
A11: K06 | B11: HSE | C11: درصد انطباق اندازه گیری آلاینده های محیط کار | D11: 95 | E11: 85 | F11: 91.45 | G11: 95.73 | H11: =G11-F11 -> 4.28 | I11: تطبیق با فایل پایش لازم است | J11: HSE 2!B10:F10
A12: K07 | B12: HSE | C12: درصد انطباق اندازه گیری زیست محیطی | D12: 90 | E12: 80 | F12: 76 | G12: 96.2 | H12: =G12-F12 -> 20.2 | I12: تطبیق با فایل پایش لازم است | J12: HSE 2!B11:F11
A13: K08 | B13: HSE | C13: درصد انطباق با قوانین ایمنی | D13: 95 | E13: 80 | F13: 90 | G13: 90 | H13: =G13-F13 -> 0 | I13: تطبیق با فایل پایش لازم است | J13: HSE 2!B12:F12
A14: K09 | B14: HSE | C14: درصد انطباق با قوانین زیست محیطی | D14: 90 | E14: 80 | F14: 80 | G14: 80 | H14: =G14-F14 -> 0 | I14: تطبیق با فایل پایش لازم است | J14: HSE 2!B13:F13
A15: K10 | B15: HSE | C15: درصد انطباق با اجرای برنامه ی مانور | D15: 90 | E15: 80 | F15: 83 | G15: 83 | H15: =G15-F15 -> 0 | I15: تطبیق با فایل پایش لازم است | J15: HSE 2!B14:F14
A16: K11 | B16: HSE | C16: درصد سلامت | D16: 90 | E16: 80 | F16: 82.1 | G16: 84.6 | H16: =G16-F16 -> 2.5 | I16: درصدها از قالب 0.00% به مقیاس ۰ تا ۱۰۰ تبدیل شده‌اند | J16: HSE 2!B15:F15
A17: K12 | B17: کیفیت / لجستیک | C17: درصد امتیاز عملکرد تامین کنندگان داخلی | D17: 100 | E17: 70 | F17: 100 | G17: 100 | H17: =G17-F17 -> 0 | I17: امتیاز ۱۰۰؛ فقدان ارزیابی برخی تأمین‌کنندگان در ممیزی | J17: LOG 2-4!B5:F5
... A47: K42 | B47: کیفیت / لجستیک | C47: امتیاز آدیت فرایند سایت اصلی دوبار آدیت فرآیند = 75 سالن جنوبی یک بار آدیت 60 | D47: 100 | E47: 75 | F47: 71.71 | G47: 88.6 | H47: =G47-F47 -> 16.89 | I47: امتیازهای سایت‌ها در عنوان با مقدار تجمیعی نیازمند تطبیق | J47: LOG 2-4!B44:F44

Sheet ممیزی و شواهد
A1: یافته‌های ممیزی و پاسخ پیشنهادی
A2: این ثبت، جایگزین گزارش اصلی ممیزی نیست؛ بستن یافته تنها پس از تصدیق اقدام و اثربخشی انجام شود.
A5: حوزه | B5: یافته بازنویسی‌شده | C5: پاسخ پیشنهادی متناسب | D5: مسئول پیشنهادی | E5: شاهد
A6: کیفیت / تولید | B6: ضعف 5S، FIFO، تفکیک اقلام مشکوک و کنترل انبار نیم‌ساخته گزارش شده است. | C6: تعیین محل قرنطینه و کنترل شناسایی؛ اصلاح چیدمان و آزمون رعایت FIFO | D6: تولید / کیفیت / برنامه‌ریزی | E6: LOG 5-7!C5؛ 5-7 (2)!C9
A7: کیفیت / منابع انسانی | B7: ارزیابی ریسک منابع انسانی، سیاست‌های مسئولیت سازمانی، دانش سازمانی، شناسنامه مشاغل و تقویم آموزش نیازمند بازنگری است. | C7: تفکیک یافته‌ها و تعیین اقدام اختصاصی؛ بازنگری نقش‌ها، آگاهی و شواهد اجرای سیاست‌ها | D7: منابع انسانی / مدیریت | E7: LOG 5-7!C6
A8: کیفیت / مهارت | B8: ماتریس مهارت و شناسایی صلاحیت کارکنان سالن جدید و شواهد اثربخشی انگیزش ناقص گزارش شده است. | C8: تکمیل ماتریس و احراز صلاحیت در ایستگاه؛ سنجش نتیجه اقدامات انگیزشی | D8: منابع انسانی / تولید | E8: LOG 5-7 (2)!C6
A9: کیفیت / خرید | B9: طرح اقتضایی، ریسک تأمین‌کننده، تست‌ریپورت، پایش پایاپلاست و پلیمر تدبیر نیکان و استاندارد سفارش‌گذاری ناقص گزارش شده است. | C9: تکمیل مدارک و پایش؛ تعیین وضعیت تأمین‌کنندگان فاقد ارزیابی | D9: خرید / کیفیت تأمین | E9: LOG 5-7!C7؛ HSE 3!C7
A10: کیفیت / خرید | B10: PPAP و ارزیابی نورایستا خراسان، مدارک ارزیابی و شواهد کنترل انطباق قانونی اقلام ورودی مشاهده نشده است. | C10: بازیابی/تکمیل ارزیابی و PPAP؛ کنترل الزامات در خرید و پذیرش | D10: خرید / مهندسی / کیفیت | E10: LOG 5-7 (2)!C7
A11: کیفیت / خرید خارجی | B11: ریسک‌ها، طرح‌های اقتضایی و فرم سفارش و حمل کامل نیست؛ زمان واردات و تخصیص ارز تحت کنترل مؤثر گزارش نشده است. | C11: تفکیک عوامل خارج از اختیار از پاسخ‌های قابل‌کنترل و تعیین پایش تأخیر | D11: خرید خارجی | E11: LOG 5-7!C8؛ 5-7 (2)!C8؛ HSE 3!C8
A12: کیفیت / بازرسی | B12: ممیزی لایه‌ای سطوح ۲ و ۳، قطعات مرجع، تصدیق راه‌اندازی و ردیابی دوباره‌کاری ناقص گزارش شده است. | C12: تکمیل کنترل راه‌اندازی، قطعات مرجع و ردیابی و برنامه ممیزی لایه‌ای | D12: کنترل کیفیت / تولید | E12: LOG 5-7!C13
A13: کیفیت / قطعه اول و آخر | B13: شاهد کنترل قطعه اول پس از راه‌اندازی و آخر پیش از توقف مشاهده نشده است؛ تهیه برچسب اعلام شده است. | C13: کنترل اجرا و اثربخشی برچسب در شیفت‌ها و نگهداری سوابق | D13: کنترل کیفیت | E13: LOG 5-7 (2)!C17:K17
A14: کیفیت / نت | B14: فهرست تجهیزات و برنامه نگهداری پیشگیرانه کامل نیست؛ محاسبه MTTR پرس ۱۲۰۰ تن در اردیبهشت نادرست گزارش شده است. | C14: بازنگری فهرست و برنامه نت؛ تطبیق صورت و مخرج شاخص با سوابق خرابی | D14: نگهداری و تعمیرات | E14: LOG 5-7!C15
A15: کیفیت / انبار | B15: آموزش ایمنی، بارانداز، تطبیق موجودی، تحلیل ABC، آدرس‌دهی، مدیریت دیداری و ارزیابی انبار ناکافی گزارش شده است. | C15: برنامه اصلاح انبار با کنترل ایمنی و داده موجودی؛ تعریف شاخص هر اقدام | D15: انبار / برنامه‌ریزی / مالی / HSE | E15: LOG 5-7!C16
A16: کیفیت / مهندسی | B16: پشتیبان‌گیری برنامه تجهیزات، جانمایی و فهرست مدارک فنی به‌روز نیست. | C16: آزمون بازیابی پشتیبان؛ اصلاح جانمایی و کنترل نسخه مدارک | D16: مهندسی / فناوری اطلاعات | E16: LOG 5-7!C21
... A26: HSE / پوشش ممیزی | B26: در فایل HSE فروش و بازنگری قرارداد در این دوره ممیزی‌نشده اعلام شده است. | C26: بررسی پوشش برنامه و توجیه دامنه/تناوب بر اساس اهمیت فرآیند | D26: تضمین کیفیت / HSE | E26: HSE 3!C14

Sheet دفتر خروجی‌ها
A1: دفتر خروجی‌های بازنگری‌های مبنا
A2: خروجی‌های مشترک ادغام و مرجع هر دو حفظ شده است. موعد و مسئول، نقل از سند قبلی‌اند؛ متن تاریخی به‌منزله تصویب جدید نیست. معیار خاتمه اقدامات اصلاحی در کاربرگ اقدامات آمده است.
A5: شناسه | B5: حوزه | C5: خروجی ثبت‌شده؛ ویرایش زبانی | D5: مسئول منبع | E5: موعد منبع | F5: وضعیت | G5: مرجع
A6: D01 | B6: مشترک | C6: ادامه اخذ گرید A | D6: مسئولیت مدیریت/ کلیه فرایندها | E6: 1405 | F6: ثبت در سند قبلی؛ تصویب نسخه جدید لازم است | G6: HSE 15!C5:O5؛ LOG 15!C5:O5
A7: D02 | B7: مشترک | C7: درخواست تغییر در ساختار اتوماسیون به گونه ای که پاسخ های که منجر به اثربخشی نباشد به صادر کننده عودت گردد ارزیابی اجرای سیستم مدیریت کیفیت به صورت مستمر و بررسی پیاده سازی سیستم مدیریت کیفیت در فرآیندها | D7: تضمین/IT | E7: 1405/12 | F7: ثبت در سند قبلی؛ تصویب نسخه جدید لازم است | G7: HSE 15!C6:O6؛ LOG 15!C6:O6
A8: D03 | B8: مشترک | C8: پایش مستمر شاخص های مشتری و صدور اقدام اصلاحی در صورت بروز افزایش ppm | D8: بازرسی / آزمون | E8: ماهیانه | F8: ثبت در سند قبلی؛ تصویب نسخه جدید لازم است | G8: HSE 15!C7:O7؛ LOG 15!C7:O7
A9: D04 | B9: مشترک | C9: تدوین برنامه مدونی با چشم انداز چند ساله برای تقویت و ارتقا کارکنان چند مهارتی/ در صورت امکان job rotation | D9: منابع | E9: 1405/12 | F9: ثبت در سند قبلی؛ تصویب نسخه جدید لازم است | G9: HSE 15!C8:O8؛ LOG 15!C8:O8؛ LOG 20!C7:O7
A10: D05 | B10: HSE | C10: براساس گزارش شماره R-NP-14031201 به تاریخ اول اسفندماه 1403 انجام شده است و نوبت بعدی در سال 1404انجام خواهد شد . | D10: اداری/ بهداشت و محیط زیست | E10: 1405/12 | F10: ثبت در سند قبلی؛ تصویب نسخه جدید لازم است | G10: HSE 15!C9:O9
A11: D06 | B11: HSE | C11: براساس نتایج ممیزی داخلی - ممیزی های سوم شخص و ممیزی 5S بررسی و گزارش می گردد . | D11: اداری/ بهداشت و محیط زیست | E11: 1405/12 | F11: ثبت در سند قبلی؛ تصویب نسخه جدید لازم است | G11: HSE 15!C10:O10
A12: D07 | B12: HSE | C12: برنامه ممیزی براساس الزامات I.M.S جهت مدت زمان سه سال تدوین شده است و اجرا می گردد . | D12: Q.A | E12: 1405/12 | F12: ثبت در سند قبلی؛ تصویب نسخه جدید لازم است | G12: HSE 15!C11:O11
A13: D08 | B13: مشترک | C13: براساس الزامات استاندارد I.M.S در واحد ایمنی و بهداشت انجام می گدد . | D13: اداری/ بهداشت و محیط زیست | E13: 1405/12 | F13: ثبت در سند قبلی؛ تصویب نسخه جدید لازم است | G13: HSE 15!C12:O12؛ HSE 15!C13:O13
A14: D09 | B14: کیفیت / لجستیک | C14: انجام ممیزی مراقبتی اول برنامه ریزی شده است . | D14: مسئولیت مدیریت/ کلیه فرایندها | E14: 1405 | F14: ثبت در سند قبلی؛ تصویب نسخه جدید لازم است | G14: LOG 15!C9:O9
A15: D10 | B15: کیفیت / لجستیک | C15: پیگیری ساخت رک و پالت جهت محصولات مایان و ریرا | D15: مدیریت ، برنامه ریزی | E15: 1405/12 | F15: ثبت در سند قبلی؛ تصویب نسخه جدید لازم است | G15: LOG 20!C5:O5
A16: D11 | B16: کیفیت / لجستیک | C16: مدیریت گزینش اپراتور تولیدی خصوصا 6 ماهه دوم سال و خصوصا سه ماهه زمستان - در سه شیفت نیاز به 12 نفر نیرو جهت امور ربات و موارد مختلف است | D16: منابع انسانی | E16: 1405/12 | F16: ثبت در سند قبلی؛ تصویب نسخه جدید لازم است | G16: LOG 20!C6:O6
... A29: D24 | B29: کیفیت / لجستیک | C29: با توجه به نبود زیر ساختهای لجستیکی مالی نیاز به ایجاد زیر ساخت دارد | D29: مالی | E29: 1405/12 | F29: ثبت در سند قبلی؛ تصویب نسخه جدید لازم است | G29: LOG 21!C10:O10

Sheet اقدامات
A1: برنامه اقدامات پیشنهادی
A2: مهلت‌ها تعداد روز تقویمی پس از تصویب هستند. مسئول پاسخ‌گو، تاریخ تصویب، بودجه و شاهد خاتمه توسط سازمان تکمیل شود.
A5: شناسه | B5: اقدام پیشنهادی | C5: مسئول پیشنهادی | D5: مهلت / روز | E5: اولویت | F5: معیار خاتمه و اثربخشی | G5: ارتباط | H5: وضعیت | I5: تاریخ تصویب / شاهد
A6: A01 | B6: تثبیت دوره، نسخه استاندارد و دامنه سایت‌ها | C6: تضمین کیفیت / دبیر بازنگری | D6: 7 | E6: فوری | F6: مشخصات تأییدشده و نسخه گواهینامه‌ها | G6: G01؛ R01 | H6: پیشنهادی؛ تصویب نشده | I6: تکمیل شود
A7: A02 | B7: تطبیق تمام شاخص‌ها با فایل پایش و حل تعارض‌ها | C7: تضمین کیفیت و مالکان شاخص | D7: 10 | E7: فوری | F7: جدول تطبیق امضاشده؛ هر شاخص با منبع و دوره واحد | G7: G07:G12؛ G16؛ G22؛ G27 | H7: پیشنهادی؛ تصویب نشده | I7: تکمیل شود
A8: A03 | B8: تأیید تاریخ و نتایج گزارش پایش HSE | C8: مسئول HSE | D8: 7 | E8: فوری | F8: اصل گزارش پایش و فهرست موارد خارج از حدود | G8: G06؛ R25 | H8: پیشنهادی؛ تصویب نشده | I8: تکمیل شود
A9: A04 | B9: تکمیل فهرست پیوست‌ها در سیستم تضمین | C9: کنترل مستندات | D9: 7 | E9: فوری | F9: شناسه، نسخه، تاریخ و مسیر قابل بازیابی برای هر شاهد | G9: G05 | H9: پیشنهادی؛ تصویب نشده | I9: تکمیل شود
A10: A05 | B10: بازطراحی گردش اقدام اصلاحی و ارزیابی اثربخشی | C10: تضمین کیفیت / فناوری اطلاعات | D10: 30 | E10: فوری | F10: تفکیک اجرا و اثربخشی؛ آزمون گردش کار و نمونه اقدام معتبر | G10: G17؛ R10 | H10: پیشنهادی؛ تصویب نشده | I10: تکمیل شود
A11: A06 | B11: آزمون ردیابی و تعیین دامنه نقص پس از پرس | C11: تولید / کیفیت / مهندسی | D11: 14 | E11: فوری | F11: ردیابی رفت و برگشت نمونه‌های مصوب و بستن شکاف‌ها | G11: G15؛ R20 | H11: پیشنهادی؛ تصویب نشده | I11: تکمیل شود
A12: A07 | B12: تصویب برنامه توسعه فضا و کنترل‌های موقت | C12: مدیریت عامل / سایت‌ها / HSE | D12: 14 | E12: فوری | F12: برنامه واحد؛ جانمایی، مسیر ایمن و کنترل انبارش تا اجرای طرح | G12: G13؛ R04 | H12: پیشنهادی؛ تصویب نشده | I12: تکمیل شود
A13: A08 | B13: تطبیق نسبت‌ها و اجزای هزینه کیفیت | C13: مالی / تضمین کیفیت | D13: 14 | E13: مهم | F13: تعریف مخرج و واحد؛ تطبیق اجزا با کل و گزارش مالی | G13: G14؛ R15 | H13: پیشنهادی؛ تصویب نشده | I13: تکمیل شود
A14: A09 | B14: تعریف اقدام اختصاصی برای یافته‌های ممیزی | C14: مالکان فرآیند / تضمین کیفیت | D14: 21 | E14: فوری | F14: علت ریشه‌ای، اقدام، مسئول و معیار اثربخشی هر یافته | G14: G19؛ ممیزی و شواهد | H14: پیشنهادی؛ تصویب نشده | I14: تکمیل شود
A15: A10 | B15: تثبیت برنامه ممیزی IMS و وضعیت یافته‌ها | C15: تضمین کیفیت / HSE | D15: 14 | E15: فوری | F15: برنامه مصوب و پوشش فرآیندها؛ رفع تعارض گزارش‌ها | G15: G18؛ R08:R09 | H15: پیشنهادی؛ تصویب نشده | I15: تکمیل شود
A16: A11 | B16: ارزیابی تعهدات انطباق و موارد برآورده‌نشده | C16: HSE / مسئولان الزامات | D16: 21 | E16: فوری | F16: فهرست تعهدات، نتیجه ارزیابی و اقدام برای موارد باز | G16: R26 | H16: پیشنهادی؛ تصویب نشده | I16: تکمیل شود
A17: A12 | B17: بازنگری مخاطرات و جنبه‌های بارز تغییر جانمایی | C17: HSE / مهندسی / کارکنان مرتبط | D17: 21 | E17: فوری | F17: ارزیابی به‌روز، کنترل‌ها، مسئول و ریسک باقی‌مانده | G17: R24؛ R27 | H17: پیشنهادی؛ تصویب نشده | I17: تکمیل شود
... A26: A21 | B26: گزارش نتایج مشاوره، حوادث و مانورها | C26: HSE / نمایندگان کارکنان | D26: 21 | E26: مهم | F26: خلاصه نتایج، اقدامات و شاهد ابلاغ تصمیمات مرتبط | G26: R27؛ R28 | H26: پیشنهادی؛ تصویب نشده | I26: تکمیل شود

Sheet تحلیل شکاف
A1: گزارش تحلیل شکاف
A2: ریسک‌ها ارزیابی مشاور درباره قابلیت اتکای گزارش‌اند؛ طبقه‌بندی رسمی عدم‌انطباق عمده/جزئی نیستند. نبود شاهد در بسته با نبود سابقه در سازمان برابر نیست.
A5: شناسه | B5: عنوان | C5: وضعیت فعلی | D5: سطح ریسک | E5: ایراد / کمبود | F5: پیشنهاد اصلاح | G5: اولویت | H5: مرجع
A6: G01 | B6: دوره و نسخه | C6: ابهام | D6: بالا | E6: مرز روزانه دوره و نسخه استانداردها مشخص نیست. | F6: تکمیل مشخصات و دامنه پیش از تصویب | G6: فوری | H6: هر دو جلد و 1!O1
A7: G02 | B7: تاریخ HSE | C7: ایراد قطعی | D7: بالا | E7: 3!O23 به سلول خالی ارجاع دارد و مقدار صفر ذخیره شده است. | F7: استفاده از تاریخ واحد و معتبر جلسه | G7: فوری | H7: HSE 3!O23
A8: G03 | B8: صفحه‌بندی | C8: ایراد قطعی | D8: متوسط | E8: شماره صفحات تکراری و ارجاع به سلول نامناسب وجود دارد. | F8: شماره‌گذاری خودکار صفحه/تعداد صفحات | G8: مهم | H8: HSE 3!O24؛ LOG 5-7 (2)!O2
A9: G04 | B9: مرجع خارجی | C9: ایراد قطعی | D9: متوسط | E9: فرمول شماره صفحه به فایل خارجی وابسته است. | F9: حذف وابستگی در فایل یکپارچه | G9: مهم | H9: LOG 5-7 (2)!O2
A10: G05 | B10: پیوست‌ها | C10: نیازمند شاهد | D10: بالا | E10: پیوست‌ها در سیستم تضمین هستند؛ شناسه و مسیر بازیابی کامل در گزارش نیست. | F10: ایجاد فهرست شواهد قابل بازیابی | G10: فوری | H10: توضیح کاربر؛ ارجاعات دو فایل
A11: G06 | B11: گزارش پایش HSE | C11: تعارض | D11: بالا | E11: تاریخ گزارش R-NP-14031201 بین ۱۴۰۳ و ۱۴۰۵ متفاوت است؛ یکی بعد از تاریخ جلسه است. | F11: تطبیق با اصل گزارش | G11: فوری | H11: HSE 8-9!C5؛ 15!C9
A12: G07 | B12: OTD | C12: تعارض | D12: بالا | E12: ۹۶٫۴۷ در جدول و ۹۵٫۱۱ در خروجی آمده است. | F12: تطبیق با فایل پایش شاخص‌ها | G12: فوری | H12: LOG 2-4!F35؛ 21!H7
A13: G08 | B13: تحقق تولید | C13: تعارض | D13: بالا | E13: ۸۷٫۶۸ با عبارت 88/29 متفاوت است. | F13: تعیین دوره و مقدار مرجع | G13: فوری | H13: LOG 2-4!F26؛ 21!C9
A14: G09 | B14: اثربخشی آموزش | C14: تعارض | D14: متوسط | E14: ۰٫۹۵ و ۰٫۸۵۶۷ و قالب‌های نمایش متفاوت ثبت شده است. | F14: تطبیق مقدار و یکسان‌سازی واحد | G14: مهم | H14: LOG 2-4!F7؛ 10-!F9
A15: G10 | B15: ضایعات ربات | C15: تعارض | D15: بالا | E15: هدف/حد پذیرش ۴۰۰/۶۵۰ با ۹۳/۳۴۳ متفاوت است. | F15: تثبیت تعریف و حدود مصوب | G15: فوری | H15: LOG 2-4!C20:F20؛ 10-!C11:F11
A16: G11 | B16: شاخص‌های نگهداری | C16: تعارض | D16: متوسط | E16: MTTR و MTBF جدول و تحلیل یکسان نیستند. | F16: تعیین دامنه تجهیز و مرجع | G16: مهم | H16: LOG 2-4!F36:F43؛ 10-!F17:F18
... A33: G28 | B33: نرخ ساخت پالت | C33: ابهام | D33: متوسط | E33: نرخ‌های ۴۰ و ۵۰ در ماه و توقف ساخت هم‌زمان در متن آمده‌اند. | F33: ثبت موجودی، نرخ مصوب و وضعیت سفارش | G33: مهم | H33: LOG 8-9!K18؛ 20!C11

Sheet چک‌لیست انطباق
A1: چک‌لیست پوشش الزامات بازنگری مدیریت
A2: این چک‌لیست همه الزامات استانداردها را ممیزی نمی‌کند؛ دامنه آن بازنگری مدیریت است. ارجاع‌های ISO 9001:2015، ISO 45001:2018 و IATF 16949:2016 پیشنهادی‌اند؛ ویرایش‌های مصوب و تفاسیر جاری پیش از تصویب تطبیق شوند.
A5: شناسه | B5: استاندارد / مبنا | C5: بند | D5: موضوع کنترل | E5: وضعیت شواهد | F5: ارجاع داخلی | G5: تکمیل لازم
A6: C01 | B6: ISO 9001:2015؛ مبنای پیشنهادی | C6: 9.3.1 | D6: برنامه‌ریزی بازنگری و نتیجه تناسب، کفایت، اثربخشی و جهت‌گیری راهبردی | E6: پوشش نسبی | F6: R01؛ R29 | G6: مرز دوره و نتیجه تصویب‌شده
A7: C02 | B7: ISO 9001:2015؛ مبنای پیشنهادی | C7: 9.3.2 a | D7: وضعیت اقدامات بازنگری قبلی | E7: پوشش نسبی | F7: R03 | G7: ثبت مصوبه، وضعیت و اثربخشی
A8: C03 | B8: ISO 9001:2015؛ مبنای پیشنهادی | C8: 9.3.2 b | D8: تغییرات مسائل داخلی و خارجی | E8: پوشش نسبی | F8: R04؛ R05 | G8: اثر تغییر و تصمیم مربوط
A9: C04 | B9: ISO 9001:2015؛ مبنای پیشنهادی | C9: 9.3.2 c1 | D9: رضایت مشتری و بازخورد ذی‌نفعان | E9: پوشش نسبی | F9: R06؛ R11 | G9: روش، منبع و دوره
A10: C05 | B10: ISO 9001:2015؛ مبنای پیشنهادی | C10: 9.3.2 c2 | D10: میزان دستیابی به اهداف کیفیت | E10: پوشش نسبی | F10: R07 | G10: اقدامات اهداف محقق‌نشده
A11: C06 | B11: ISO 9001:2015؛ مبنای پیشنهادی | C11: 9.3.2 c3 | D11: عملکرد فرآیند و انطباق محصول و خدمت | E11: پوشش نسبی | F11: R07؛ R11 | G11: تطبیق شاخص‌ها و بازرسی
A12: C07 | B12: ISO 9001:2015؛ مبنای پیشنهادی | C12: 9.3.2 c4 | D12: عدم‌انطباق‌ها و اقدامات اصلاحی | E12: پوشش نسبی | F12: R10 | G12: شاهد اثربخشی
A13: C08 | B13: ISO 9001:2015؛ مبنای پیشنهادی | C13: 9.3.2 c5 | D13: نتایج پایش و اندازه‌گیری | E13: پوشش نسبی | F13: R12؛ R25 | G13: اصل مطالعات و گزارش‌ها
A14: C09 | B14: ISO 9001:2015؛ مبنای پیشنهادی | C14: 9.3.2 c6 | D14: نتایج ممیزی‌ها | E14: پوشش نسبی | F14: R08؛ R09 | G14: گزارش و وضعیت یافته‌ها
A15: C10 | B15: ISO 9001:2015؛ مبنای پیشنهادی | C15: 9.3.2 c7 | D15: عملکرد تأمین‌کنندگان بیرونی | E15: پوشش نسبی | F15: R23؛ G22 | G15: جامعه و پوشش ارزیابی
A16: C11 | B16: ISO 9001:2015؛ مبنای پیشنهادی | C16: 9.3.2 d | D16: کفایت منابع | E16: پوشش نسبی | F16: R16؛ R17 | G16: کمیت و تصویب تخصیص
... A48: C43 | B48: IATF 16949:2016؛ مبنای پیشنهادی | C48: 9.3.3.1 | D48: برنامه اقدام برای اهداف عملکرد مشتری محقق‌نشده | E48: پوشش نسبی | F48: R07؛ A19 | G48: اقدام مصوب و پیگیری

Sheet فهرست پیوست‌ها
A1: فهرست پیوست‌ها و شواهد
A2: محل نگهداری به اعلام کاربر: سیستم تضمین کیفیت. ستون شناسه/نسخه/مسیر باید با اطلاعات قابل بازیابی تکمیل شود.
A5: شناسه | B5: عنوان شاهد | C5: مالک پیشنهادی | D5: وضعیت دسترسی | E5: اقدام مرتبط | F5: شماره / تاریخ / نسخه / مسیر
A6: E01 | B6: فایل پایش شاخص‌های دوره | C6: مالکان شاخص / تضمین کیفیت | D6: مرجع معتبر به اعلام کاربر؛ دریافت نشده | E6: A02 | F6: تکمیل شود
A7: E02 | B7: گزارش R-NP-14031201 و نتایج پایش | C7: HSE | D7: تاریخ و دوره باید با اصل گزارش تطبیق یابد | E7: A03 | F7: تکمیل شود
A8: E03 | B8: گزارش ممیزی 5S و چک‌لیست‌های IMS | C8: HSE / تضمین کیفیت | D8: ذکر پیوست در منبع؛ نگهداری در سیستم تضمین | E8: A04؛ A10 | F8: تکمیل شود
A9: E04 | B9: گزارش ممیزی داخلی و خارجی و پیگیری یافته‌ها | C9: تضمین کیفیت | D9: شناسه، تاریخ و دامنه لازم است | E9: A09؛ A10 | F9: تکمیل شود
A10: E05 | B10: پارتوی کلیم و بازرسی جامع ابعادی | C10: کنترل کیفیت | D10: ذکر پیوست در منبع؛ بازیابی نشده | E10: A04 | F10: تکمیل شود
A11: E06 | B11: گواهینامه‌ها و دامنه و نسخه الزامات مشتری | C11: تضمین کیفیت | D11: برای تعیین ویرایش استانداردها لازم است | E11: A01 | F11: تکمیل شود
A12: E07 | B12: صورت‌جلسه قبلی و مصوبات منابع | C12: دبیر بازنگری / مدیریت | D12: وضعیت و تأیید اثربخشی لازم است | E12: A20 | F12: تکمیل شود
A13: E08 | B13: طرح جانمایی و برنامه الحاق فضا | C13: مهندسی / مدیریت سایت | D13: تاریخ‌های متعارض در منبع | E13: A07 | F13: تکمیل شود
A14: E09 | B14: سوابق MSA، SPC و مشخصات مطالعه | C14: کیفیت / مهندسی | D14: دامنه و حدود پذیرش تکمیل شود | E14: A04 | F14: تکمیل شود
A15: E10 | B15: فهرست تعهدات و ارزیابی انطباق | C15: HSE | D15: برای تفسیر درصدهای انطباق لازم است | E15: A11 | F15: تکمیل شود
A16: E11 | B16: حوادث، شبه‌حوادث، مانور و مشارکت کارکنان | C16: HSE / منابع انسانی | D16: نتایج تفصیلی در بسته نیست | E16: A21 | F16: تکمیل شود
A17: E12 | B17: گزارش هزینه کیفیت و داده مالی | C17: مالی | D17: مخرج و تطبیق اجزا لازم است | E17: A08 | F17: تکمیل شود

Sheet بهبود مستمر
A1: نکات بهبود مستمر
A2: پیشنهادهای اجرایی برای دوره‌های بعد؛ هدف عددی یا تعهد جدید بدون تصویب سازمان ایجاد نشده است.
A5: شناسه | B5: موضوع | C5: روش اجرا | D5: معیار پایش پیشنهادی | E5: مالک پیشنهادی
A6: I01 | B6: یک مرجع برای شاخص | C6: مقادیر بازنگری پس از کنترل دوره از فایل پایش استخراج شوند؛ ویرایش مستقل اعداد تکراری ممنوع شود. | D6: اختلاف گزارش و پایش برابر صفر پس از تطبیق | E6: تضمین کیفیت
A7: I02 | B7: تحلیل ماهانه در بازنگری سالانه | C7: برای هر شاخص، سری ۱۲ماهه، هدف و حد پذیرش و تاریخ تغییر مهم نمایش داده شود. | D7: پوشش ۱۲ ماه یا توضیح صریح داده مفقود | E7: مالکان شاخص
A8: I03 | B8: نسبت‌های معتبر | C8: نسبت سالانه از مجموع صورت و مخرج هم‌دوره محاسبه شود؛ میانگین ساده درصد ماهانه فقط با توجیه وزن‌دهی استفاده شود. | D8: تعریف صورت، مخرج، واحد و جامعه | E8: مالکان شاخص / مالی
A9: I04 | B9: پارتوی تصمیم‌محور | C9: کلیم و ضایعات بر اساس تعداد/هزینه و علت دسته‌بندی شوند؛ اقدام روی عوامل اصلی و اثر پس از اجرا گزارش شود. | D9: رابطه علت، اقدام و تغییر نتیجه | E9: کیفیت / تولید
A10: I05 | B10: تصدیق اثربخشی | C10: برای هر اقدام، زمان ارزیابی و معیار موفقیت پیش از بستن تعیین شود. «انجام شد» بدون شاهد اثربخشی بسته تلقی نشود. | D10: تفکیک باز، اجراشده و اثربخش | E10: تضمین کیفیت
A11: I06 | B11: مدیریت تغییر مشترک | C11: توسعه فضا، تجهیز و تغییر تولید با مشارکت کیفیت، لجستیک و HSE پیش از اجرا ارزیابی شود. | D11: ارزیابی و تصویب تغییر و کنترل موقت | E11: مهندسی / HSE
A12: I07 | B12: جلسه مبتنی بر تصمیم | C12: بسته ورودی پیش از جلسه کنترل شود؛ زمان جلسه به انحراف‌ها، انتخاب اقدام و تخصیص منابع اختصاص یابد. | D12: هر موضوع مهم دارای تصمیم یا علت تعویق | E12: دبیر بازنگری
A13: I08 | B13: بازنگری فوق‌العاده | C13: در رخداد مهم ایمنی، شکایت جدی، تغییر عمده یا اختلال تأمین، نیاز به بازنگری خارج از نوبت ارزیابی و ثبت شود. | D13: ثبت تصمیم درباره تناوب متناسب با ریسک | E13: مدیریت
A14: I09 | B14: شاخص‌های پیشگیرانه HSE | C14: علاوه بر حادثه، تکمیل کنترل‌ها، کیفیت گزارش شبه‌حادثه و اثربخشی مانور بررسی شوند؛ هدف عددی بدون داده پایه تعیین نشود. | D14: تعریف و اعتبار داده پیش از هدف‌گذاری | E14: HSE
A15: I10 | B15: کنترل انتشار | C15: نسخه گزارش، تاریخ داده، فهرست شواهد و تأییدکنندگان در یک مرحله کنترل شوند؛ امضای نسخه قدیمی به نسخه جدید منتقل نشود. | D15: نسخه تصویب‌شده و سابقه تغییر قابل بازیابی | E15: کنترل مستندات

Sheet نمودار مقایسه
A1: مقایسه منتخب شاخص‌های HSE
A2: درصدهای نقل‌شده از سند اصلی؛ مقایسه دو دوره، نه روند ۱۲ماهه. این نمودار به جدول شاخص‌ها متصل است و تأیید مرجع پایش را جایگزین نمی‌کند.
A5: شاخص | B5: دوره قبل / درصد | C5: دوره جاری / درصد | D5: ارجاع شاخص
A6: ایمنی و بهداشت | B6: =شاخص‌ها!F8 -> 83 | C6: =شاخص‌ها!G8 -> 83 | D6: K03
A7: محیط‌زیست | B7: =شاخص‌ها!F9 -> 83 | C7: =شاخص‌ها!G9 -> 86 | D7: K04
A8: مشارکت کارکنان | B8: =شاخص‌ها!F10 -> 71 | C8: =شاخص‌ها!G10 -> 83 | D8: K05
A9: سلامت | B9: =شاخص‌ها!F16 -> 82.1 | C9: =شاخص‌ها!G16 -> 84.6 | D9: K11

Sheet داده‌های منبع
A1: پیوست داده‌های اصلی و منابع
A2: متن و مقدار سلول‌های غیرخالی هر دو فایل حفظ شده است. فرمول‌های تاریخی به‌صورت متن‌اند؛ این کاربرگ محاسبه یا تأیید مجدد داده نیست. تصاویر امضا عمداً به نسخه جدید منتقل نشده‌اند.
A5: فایل | B5: کاربرگ | C5: سلول | D5: محتوای اصلی | E5: قالب عدد / مرجع
A6: SOURCE | B6: HSE | C6: فایل | D6: H.S.E 1405 03.xlsx؛ blob 1126178d4554d388074c901a6fbe9982112ae1ba | E6: https://github.com/bagherbolandi/Management-Review/blob/main/H.S.E%201405%2003.xlsx
A7: SOURCE | B7: LOG | C7: فایل | D7: LOG 404 MAIN.xlsx؛ blob 20764e840da2a561f1043cd446c16497be372a83 | E7: https://github.com/bagherbolandi/Management-Review/blob/main/LOG%20404%20MAIN.xlsx
A8: SOURCE | B8: README | C8: محتوا | D8: # Management-Review | E8: فقط عنوان مخزن
A9: SOURCE | B9: ISO | C9: مرجع تفسیری | D9: تفکیک سوابق نتایج بازنگری از شواهد پشتیبان؛ نسخه ۲۰۲۴ | E9: https://committee.iso.org/files/live/sites/tc207sc1/files/ISO%2014001_2015%20TC207%20SC1%20reviewed%20interpretations%202024.pdf
A10: SOURCE | B10: IATF | C10: مرجع تفسیری | D10: SI16؛ نتایج مرحله‌ای طراحی و توسعه؛ نسخه آوریل ۲۰۲۱، برای مبنای تطبیق نه ادعای آخرین ویرایش | E10: https://www.iatfglobaloversight.org/wp/wp-content/uploads/2021/04/IATF-16949-SIs-April-2021.pdf
A11: HSE | B11: 15 | C11: C1 | D11: بازنگری مدیریت (H.S.E) براساس الزامات I.M.S | E11: General
A12: HSE | B12: 15 | C12: N1 | D12: تاریخ | E12: General
A13: HSE | B13: 15 | C13: O1 | D13: ='1'!O1 | E13: General
A14: HSE | B14: 15 | C14: N2 | D14: صفحه | E14: General
A15: HSE | B15: 15 | C15: O2 | D15: ='14'!O2+1 | E15: General
A16: HSE | B16: 15 | C16: A3 | D16: خروجی بازنگری مدیریت | E16: General
... A1675: LOG | B1675: 0 | C1675: A40 | D1675: امضاء مدیرعامل | E1675: General
